db.name,sys.name
ACN9,YDR511W
ADE5-7,YGL234W
AIM13,YFR011C
AIM31,YML030W
AIM37,YNL100W
AIM38,YNR018W
AML1,YGR001C
ARG5-6,YER069W
CIS1,YLR346C
CSN12,YJR084W
CUP5,YEL027W
CWH36,YCL007C
DAN2,YLR037C
DAN3,YBR301W
DEM1,YBR163W
DMR1,YGR150C
DUR1-2,YBR208C
ECM17,YJR137C
ECM37,YIL146C
ECM40,YMR062C
EMI5,YOL071W
FEN1,YCR034W
FMP12,YHL021C
FMP13,YKR016W
FMP14,YPL099C
FMP21,YBR269C
FMP22,YHR198C
FMP26,YJR080C
FMP31,YOR286W
FMP34,YHR199C
FMP36,YDR493W
FMP37,YGL080W
FMP38,YOR205C
FMP39,YMR157C
FMP42,YMR221C
FMP43,YGR243W
FMP51,YBR262C
GEP1,YLR168C
GSG1,YDR108W
HOR2,YER062C
HSP40,YNL064C
KEM1,YGL173C
KRE11,YGR166W
KRE27,YIL027C
LPE10,YPL060W
LRC1,YDL237W
LRC2,YIL087C
LRC3,YKL207W
MF_ALPHA1,YPL187W
MF_ALPHA2,YGL089C
MIC14,YDR031W
MIC17,YMR002W
MNI1,YIL110W
MNI2,YPR045C
MUC1,YIR019C
MUQ1,YGR007W
OSH1,YAR042W
PGM3,YMR278W
PPA1,YHR026W
RHR2,YIL053W
RMD11,YHL023C
SEE1,YIL064W
SOY1,YBR194W
SUR4,YLR372W
TFP1,YDL185W
TFP3,YPL234C
VPS66,YPR139C
YAL043CA,YAL043C-A
YAL058CA,YAL058C-A
YAL064CA,YAL064C-A
YBR075W,YBR074W
YBR090CA,YBR089C-A
YBR100W,YBR100W
YCL001WA,YCL001W
YCL003W,YCL004W
YCL012W,YCL014W
YCL060C,YCL061C
YCL062W,YCL063W
YCR062W,YCR061W
YCR087CA,YCR087C-A
YCR102WA,YCR102W-A
YDL038C,YDL039C
YDL134CA,YDL133C-A
YDR179WA,YDR179W-A
YDR474C,YDR475C
YER038WA,YER038W-A
YER039CA,YER039C-A
YER046WA,YER046W-A
YER066CA,YER066C-A
YER067CA,YER067C-A
YER068CA,YER068C-A
YER087CA,YER087C-A
YER091CA,YER091C-A
YER093CA,YER093C-A
YER108C,YER108C
YER119CA,YER119C-A
YFL006W,YFL007W
YFL013WA,YFL013W-A
YFL035CB,YFL035C-A
YFL043C,YFL042C
YGL046W,YGL046W
YGR122CA,YGR122C-A
YGR272C,YGR272C-A
YHR039CB,YHR039C-A
YHR049CA,YHR049C-A
YHR079CB,YHR079C-A
YHR139CA,YHR139C-A
YIL015CA,YIL014C-A
YIL168W,YIL167W
YIR020WB,YIR020W-A
YIR044C,YIR043C
YJL017W,YJL016W
YJL021C,YJL020C
YJL206CA,YJL205C
YKL033WA,YKL033W-A
YKL158W,YKL157W
YKL162CA,YKL162C-A
YKL199C,YKL198C
YKL200C,YKL201C
YLR391W,YLR391W-A
YML010CB,YML010C-A
YML010WA,YML010W-A
YML013CA,YML013C-A
YML033W,YML034W
YML035CA,YML034C-A
YML048WA,YML047W-A
YML058CA,YML057C-A
YML095CA,YML094C-A
YML100WA,YML100W-A
YML102CA,YML101C-A
YML117WA,YML116W-A
YMR031WA,YMR031W-A
YMR052CA,YMR052C-A
YMR075CA,YMR075C-A
YMR086CA,YMR086C-A
YMR119WA,YMR119W-A
YMR135WA,YMR135W-A
YMR153CA,YMR153C-A
YMR158CB,YMR158C-A
YMR158WA,YMR158W-B
YMR172CA,YMR172C-A
YMR173WA,YMR173W-A
YMR193CA,YMR193C-A
YMR194CA,YMR194C-A
YMR244CA,YMR244C-A
YMR294WA,YMR294W-A
YMR304CA,YMR304C-A
YMR306CA,YMR306C-A
YMR316CA,YMR316C-A
YMR316CB,YMR316C-B
YOL013WA,YOL013W-A
YOL053CA,YOL052C-A
YOR008CA,YOR008C-A
YOR088W,YOR087W
YOR240W,YOR239W
YOR304CA,YOR304C-A
YPR090W,YPR089W
VPS8,YAL002W
YAL004W,YAL004W
SSA1,YAL005C
ERP2,YAL007C
FUN14,YAL008W
SPO7,YAL009W
MDM10,YAL010C
SWC3,YAL011W
CYS3,YAL012W
DEP1,YAL013W
SYN8,YAL014C
NTG1,YAL015C
TPD3,YAL016W
PSK1,YAL017W
YAL018C,YAL018C
FUN30,YAL019W
ATS1,YAL020C
CCR4,YAL021C
FUN26,YAL022C
PMT2,YAL023C
LTE1,YAL024C
DRS2,YAL026C
SAW1,YAL027W
FRT2,YAL028W
MYO4,YAL029C
SNC1,YAL030W
GIP4,YAL031C
FUN19,YAL034C
FUN12,YAL035W
RBG1,YAL036C
YAL037W,YAL037W
CYC3,YAL039C
CLN3,YAL040C
ERV46,YAL042W
GCV3,YAL044C
YAL045C,YAL045C
AIM1,YAL046C
SPC72,YAL047C
GEM1,YAL048C
AIM2,YAL049C
OAF1,YAL051W
FLC2,YAL053W
ACS1,YAL054C
PEX22,YAL055W
GPB2,YAL056W
CNE1,YAL058W
ECM1,YAL059W
BDH1,YAL060W
BDH2,YAL061W
GDH3,YAL062W
YAL065C,YAL065C
YAL066W,YAL066W
SEO1,YAL067C
PAU8,YAL068C
ERP1,YAR002C-A
NUP60,YAR002W
SWD1,YAR003W
BUD14,YAR014C
ADE1,YAR015W
KIN3,YAR018C
PAU7,YAR020C
YAR023C,YAR023C
UIP3,YAR027W
YAR028W,YAR028W
YAR029W,YAR029W
YAR030C,YAR030C
PRM9,YAR031W
YAT1,YAR035W
SWH1,YAR042W
YAR047C,YAR047C
FLO1,YAR050W
ECM15,YBL001C
HTB2,YBL002W
HTA2,YBL003C
PDR3,YBL005W
LDB7,YBL006C
SLA1,YBL007C
HIR1,YBL008W
ALK2,YBL009W
YBL010C,YBL010C
SCT1,YBL011W
YBL012C,YBL012C
FMT1,YBL013W
ACH1,YBL015W
FUS3,YBL016W
PEP1,YBL017C
APN2,YBL019W
HAP3,YBL021C
PIM1,YBL022C
NCL1,YBL024W
RRN10,YBL025W
RPL19B,YBL027W
YBL028C,YBL028C
YBL029W,YBL029W
SHE1,YBL031W
HEK2,YBL032W
YBL036C,YBL036C
APL3,YBL037W
MRPL16,YBL038W
URA7,YBL039C
FUI1,YBL042C
ECM13,YBL043W
YBL044W,YBL044W
COR1,YBL045C
PSY4,YBL046W
EDE1,YBL047C
YBL048W,YBL048W
MOH1,YBL049W
PIN4,YBL051C
SAS3,YBL052C
YBL053W,YBL053W
TOD6,YBL054W
YBL055C,YBL055C
PTC3,YBL056W
PTH2,YBL057C
SHP1,YBL058W
YBL059W,YBL059W
YEL1,YBL060W
SKT5,YBL061C
YBL062W,YBL062W
KIP1,YBL063W
PRX1,YBL064C
YBL065W,YBL065W
SEF1,YBL066C
UBP13,YBL067C
PRS4,YBL068W
AST1,YBL069W
YBL070C,YBL070C
YBL071C,YBL071C
RPS8A,YBL072C
SSA3,YBL075C
ATG8,YBL078C
NUP170,YBL079W
PET112,YBL080C
YBL081W,YBL081W
ALG3,YBL082C
YBL083C,YBL083C
BOI1,YBL085W
YBL086C,YBL086C
RPL23A,YBL087C
TEL1,YBL088C
AVT5,YBL089W
MRP21,YBL090W
MAP2,YBL091C
SCS22,YBL091C-A
ROX3,YBL093C
YBL094C,YBL094C
YBL095W,YBL095W
YBL096C,YBL096C
BNA4,YBL098W
ATP1,YBL099W
YBL100C,YBL100C
ECM21,YBL101C
SFT2,YBL102W
RTG3,YBL103C
YBL104C,YBL104C
SRO77,YBL106C
YBL107C,YBL107C
NTH2,YBR001C
COQ1,YBR003W
RCR1,YBR005W
UGA2,YBR006W
DSF2,YBR007C
FLR1,YBR008C
HHF1,YBR009C
HHT1,YBR010W
YBR012C,YBR012C
YBR013C,YBR013C
GRX7,YBR014C
MNN2,YBR015C
YBR016W,YBR016W
GAL7,YBR018C
GAL10,YBR019C
GAL1,YBR020W
FUR4,YBR021W
POA1,YBR022W
CHS3,YBR023C
SCO2,YBR024W
OLA1,YBR025C
ETR1,YBR026C
YBR027C,YBR027C
YBR028C,YBR028C
RKM3,YBR030W
RPL4A,YBR031W
YBR032W,YBR032W
EDS1,YBR033W
HMT1,YBR034C
PDX3,YBR035C
CSG2,YBR036C
SCO1,YBR037C
ATP3,YBR039W
FIG1,YBR040W
FAT1,YBR041W
CST26,YBR042C
QDR3,YBR043C
TCM62,YBR044C
GIP1,YBR045C
ZTA1,YBR046C
FMP23,YBR047W
RPS11B,YBR048W
REG2,YBR050C
YBR051W,YBR051W
RFS1,YBR052C
YBR053C,YBR053C
YRO2,YBR054W
YBR056W,YBR056W
MUM2,YBR057C
UBP14,YBR058C
AKL1,YBR059C
YBR062C,YBR062C
YBR063C,YBR063C
YBR064W,YBR064W
ECM2,YBR065C
NRG2,YBR066C
TIP1,YBR067C
BAP2,YBR068C
TAT1,YBR069C
YBR071W,YBR071W
HSP26,YBR072W
RDH54,YBR073W
YBR074W,YBR074W
ECM8,YBR076W
SLM4,YBR077C
ECM33,YBR078W
SPT7,YBR081C
TEC1,YBR083W
RPL19A,YBR084C-A
MIS1,YBR084W
AAC3,YBR085W
YBR090C,YBR090C
PHO3,YBR092C
PHO5,YBR093C
PBY1,YBR094W
RXT2,YBR095C
YBR096W,YBR096W
VPS15,YBR097W
MMS4,YBR098W
YBR099C,YBR099C
FES1,YBR101C
SIF2,YBR103W
YMC2,YBR104W
VID24,YBR105C
PHO88,YBR106W
IML3,YBR107C
AIM3,YBR108W
YSA1,YBR111C
SUS1,YBR111W-A
CYC8,YBR112C
YBR113W,YBR113W
RAD16,YBR114W
LYS2,YBR115C
YBR116C,YBR116C
TKL2,YBR117C
MUD1,YBR119W
CBP6,YBR120C
PTC4,YBR125C
TPS1,YBR126C
VMA2,YBR127C
ATG14,YBR128C
OPY1,YBR129C
SHE3,YBR130C
CCZ1,YBR131W
AGP2,YBR132C
HSL7,YBR133C
YBR134W,YBR134W
YBR137W,YBR137W
YBR138C,YBR138C
YBR139W,YBR139W
YBR141C,YBR141C
YBR144C,YBR144C
ADH5,YBR145W
MRPS9,YBR146W
RTC2,YBR147W
YSW1,YBR148W
ARA1,YBR149W
TBS1,YBR150C
APD1,YBR151W
SLI15,YBR156C
ICS2,YBR157C
AMN1,YBR158W
IFA38,YBR159W
CSH1,YBR161W
TOS1,YBR162C
YSY6,YBR162W-A
ARL1,YBR164C
UBS1,YBR165W
TYR1,YBR166C
PEX32,YBR168W
SSE2,YBR169C
NPL4,YBR170C
SEC66,YBR171W
SMY2,YBR172C
UMP1,YBR173C
YBR174C,YBR174C
SWD3,YBR175W
ECM31,YBR176W
EHT1,YBR177C
YBR178W,YBR178W
FZO1,YBR179C
DTR1,YBR180W
RPS6B,YBR181C
SMP1,YBR182C
YPC1,YBR183W
YBR184W,YBR184W
MBA1,YBR185C
PCH2,YBR186W
GDT1,YBR187W
NTC20,YBR188C
RPS9B,YBR189W
RPL21A,YBR191W
MSI1,YBR195C
YBR197C,YBR197C
KTR4,YBR199W
BEM1,YBR200W
DER1,YBR201W
COS111,YBR203W
YBR204C,YBR204C
KTR3,YBR205W
YBR206W,YBR206W
FTH1,YBR207W
YBR209W,YBR209W
ERV15,YBR210W
NGR1,YBR212W
MET8,YBR213W
SDS24,YBR214W
HPC2,YBR215W
YBP1,YBR216C
ATG12,YBR217W
PYC2,YBR218C
YBR219C,YBR219C
YBR220C,YBR220C
PDB1,YBR221C
PCS60,YBR222C
TDP1,YBR223C
YBR224W,YBR224W
YBR225W,YBR225W
YBR226C,YBR226C
MCX1,YBR227C
SLX1,YBR228W
ROT2,YBR229C
OM14,YBR230C
SWC5,YBR231C
YBR232C,YBR232C
PBP2,YBR233W
YBR235W,YBR235W
YBR238C,YBR238C
YBR239C,YBR239C
THI2,YBR240C
YBR241C,YBR241C
YBR242W,YBR242W
GPX2,YBR244W
ISW1,YBR245C
YBR246W,YBR246W
HIS7,YBR248C
ARO4,YBR249C
SPO23,YBR250W
MRPS5,YBR251W
MTC4,YBR255W
SHG1,YBR258C
YBR259W,YBR259W
RGD1,YBR260C
TAE1,YBR261C
SHM1,YBR263W
YPT10,YBR264C
YBR266C,YBR266C
REI1,YBR267W
MRPL37,YBR268W
BIT2,YBR270C
YBR271W,YBR271W
HSM3,YBR272C
UBX7,YBR273C
CHK1,YBR274W
RIF1,YBR275C
PPS1,YBR276C
YBR277C,YBR277C
DPB3,YBR278W
PAF1,YBR279W
SAF1,YBR280C
DUG2,YBR281C
MRPL27,YBR282W
SSH1,YBR283C
YBR284W,YBR284W
YBR285W,YBR285W
APE3,YBR286W
APM3,YBR288C
SNF5,YBR289W
BSD2,YBR290W
CTP1,YBR291C
YBR292C,YBR292C
VBA2,YBR293W
SUL1,YBR294W
PCA1,YBR295W
PHO89,YBR296C
MAL33,YBR297W
MAL31,YBR298C
MAL32,YBR299W
YBR300C,YBR300C
RER1,YCL001W
YCL002C,YCL002C
LDB16,YCL005W
STP22,YCL008C
ILV6,YCL009C
SGF29,YCL010C
GBP2,YCL011C
BUD3,YCL014W
DCC1,YCL016C
YCL022C,YCL022C
YCL023C,YCL023C
KCC4,YCL024W
AGP1,YCL025C
FRM2,YCL026C-A
FUS1,YCL027W
RNQ1,YCL028W
BIK1,YCL029C
HIS4,YCL030C
STE50,YCL032W
MXR2,YCL033C
LSB5,YCL034W
GRX1,YCL035C
GFD2,YCL036W
SRO9,YCL037C
ATG22,YCL038C
GID7,YCL039W
GLK1,YCL040W
YCL042W,YCL042W
MGR1,YCL044C
YCL045C,YCL045C
YCL046W,YCL046W
YCL047C,YCL047C
SPS22,YCL048W
YCL049C,YCL049C
APA1,YCL050C
LRE1,YCL051W
KAR4,YCL055W
YCL056C,YCL056C
PRD1,YCL057W
FYV5,YCL058C
MRC1,YCL061C
VAC17,YCL063W
CHA1,YCL064C
PHA2,YCL067C
VBA3,YCL069W
YCL074W,YCL074W
YCL075W,YCL075W
YCL076W,YCL076W
YCR001W,YCR001W
CDC10,YCR002C
MRPL32,YCR003W
YCP4,YCR004C
CIT2,YCR005C
YCR006C,YCR006C
YCR007C,YCR007C
RVS161,YCR009C
ADY2,YCR010C
ADP1,YCR011C
POL4,YCR014C
YCR015C,YCR015C
YCR016W,YCR016W
CWH43,YCR017C
MAK32,YCR019W
PET18,YCR020C
MAK31,YCR020C-A
HTL1,YCR020W-B
HSP30,YCR021C
YCR022C,YCR022C
YCR023C,YCR023C
SLM5,YCR024C
PMP1,YCR024C-A
YCR025C,YCR025C
NPP1,YCR026C
RHB1,YCR027C
FEN2,YCR028C
RIM1,YCR028C-A
SYP1,YCR030C
RPS14A,YCR031C
BPH1,YCR032W
SNT1,YCR033W
RBK1,YCR036W
PHO87,YCR037C
YCR043C,YCR043C
PER1,YCR044C
YCR045C,YCR045C
IMG1,YCR046C
BUD23,YCR047C
ARE1,YCR048W
YCR049C,YCR049C
YCR050C,YCR050C
YCR051W,YCR051W
THR4,YCR053W
YIH1,YCR059C
TAH1,YCR060W
YCR061W,YCR061W
BUD31,YCR063W
HCM1,YCR065W
RAD18,YCR066W
SED4,YCR067C
ATG15,YCR068W
CPR4,YCR069W
IMG2,YCR071C
SSK22,YCR073C
SOL2,YCR073W-A
ERS1,YCR075C
YCR076C,YCR076C
PAT1,YCR077C
PTC6,YCR079W
SRB8,YCR081W
AHC2,YCR082W
TRX3,YCR083W
TUP1,YCR084C
YCR085W,YCR085W
CSM1,YCR086W
YCR087W,YCR087W
ABP1,YCR088W
FIG2,YCR089W
YCR090C,YCR090C
KIN82,YCR091W
MSH3,YCR092C
CDC50,YCR094W
OCA4,YCR095C
GIT1,YCR098C
YCR099C,YCR099C
YCR100C,YCR100C
YCR101C,YCR101C
YCR102C,YCR102C
ADH7,YCR105W
RDS1,YCR106W
AAD3,YCR107W
RMD1,YDL001W
NHP10,YDL002C
MED2,YDL005C
PTC1,YDL006W
YDL009C,YDL009C
GRX6,YDL010W
YDL011C,YDL011C
YDL012C,YDL012C
SLX5,YDL013W
ERP3,YDL018C
OSH2,YDL019C
RPN4,YDL020C
GPM2,YDL021W
GPD1,YDL022W
YDL023C,YDL023C
DIA3,YDL024C
YDL025C,YDL025C
YDL026W,YDL026W
YDL027C,YDL027C
YDL032W,YDL032W
SLM3,YDL033C
YDL034W,YDL034W
GPR1,YDL035C
PUS9,YDL036C
BSC1,YDL037C
PRM7,YDL039C
NAT1,YDL040C
YDL041W,YDL041W
SIR2,YDL042C
MTF2,YDL044C
MRP10,YDL045W-A
NPC2,YDL046W
SIT4,YDL047W
STP4,YDL048C
KNH1,YDL049C
YDL050C,YDL050C
LHP1,YDL051W
SLC1,YDL052C
PBP4,YDL053C
MCH1,YDL054C
MBP1,YDL056W
YDL057W,YDL057W
RAD59,YDL059C
YDL062W,YDL062W
YDL063C,YDL063C
PEX19,YDL065C
IDP1,YDL066W
COX9,YDL067C
YDL068W,YDL068W
CBS1,YDL069C
BDF2,YDL070W
YDL071C,YDL071C
YET3,YDL072C
YDL073W,YDL073W
BRE1,YDL074C
RPL31A,YDL075W
RXT3,YDL076C
VAM6,YDL077C
MDH3,YDL078C
MRK1,YDL079C
THI3,YDL080C
RPP1A,YDL081C
RPL13A,YDL082W
RPS16B,YDL083C
NDE2,YDL085W
YDL086W,YDL086W
ASM4,YDL088C
NUR1,YDL089W
RAM1,YDL090C
UBX3,YDL091C
PMT5,YDL093W
YDL094C,YDL094C
PMT1,YDL095W
YDL096C,YDL096C
BUG1,YDL099W
GET3,YDL100C
DUN1,YDL101C
POL3,YDL102W
QRI7,YDL104C
PHO2,YDL106C
MSS2,YDL107W
YDL109C,YDL109C
TMA17,YDL110C
TRM3,YDL112W
ATG20,YDL113C
YDL114W,YDL114W
IWR1,YDL115C
NUP84,YDL116W
CYK3,YDL117W
YDL118W,YDL118W
YDL119C,YDL119C
YDL121C,YDL121C
UBP1,YDL122W
SNA4,YDL123W
YDL124W,YDL124W
HNT1,YDL125C
PCL2,YDL127W
VCX1,YDL128W
YDL129W,YDL129W
RPP1B,YDL130W
STF1,YDL130W-A
LYS21,YDL131W
RPL41B,YDL133C-A
YDL133W,YDL133W
PPH21,YDL134C
RDI1,YDL135C
RPL35B,YDL136W
ARF2,YDL137W
RGT2,YDL138W
CRD1,YDL142C
YDL144C,YDL144C
LDB17,YDL146W
ATG9,YDL149W
BUD30,YDL151C
MSH5,YDL154W
CLB3,YDL155W
YDL156W,YDL156W
YDL157C,YDL157C
YDL158C,YDL158C
STE7,YDL159W
DHH1,YDL160C
ENT1,YDL161W
YDL162C,YDL162C
NRP1,YDL167C
SFA1,YDL168W
UGX2,YDL169C
UGA3,YDL170W
GLT1,YDL171C
YDL172C,YDL172C
YDL173W,YDL173W
DLD1,YDL174C
AIR2,YDL175C
YDL176W,YDL176W
YDL177C,YDL177C
DLD2,YDL178W
PCL9,YDL179W
YDL180W,YDL180W
INH1,YDL181W
LYS20,YDL182W
YDL183C,YDL183C
RPL41A,YDL184C
YDL186W,YDL186W
YDL187C,YDL187C
PPH22,YDL188C
RBS1,YDL189W
UFD2,YDL190C
RPL35A,YDL191W
ARF1,YDL192W
SNF3,YDL194W
ASF2,YDL197C
GGC1,YDL198C
YDL199C,YDL199C
MGT1,YDL200C
TRM8,YDL201W
MRPL11,YDL202W
ACK1,YDL203C
RTN2,YDL204W
YDL206W,YDL206W
UGA4,YDL210W
YDL211C,YDL211C
NOP6,YDL213C
PRR2,YDL214C
GDH2,YDL215C
RRI1,YDL216C
YDL218W,YDL218W
DTD1,YDL219W
FMP45,YDL222C
HBT1,YDL223C
WHI4,YDL224C
SHS1,YDL225W
GCS1,YDL226C
HO,YDL227C
SSB1,YDL229W
PTP1,YDL230W
BRE4,YDL231C
OST4,YDL232W
YDL233W,YDL233W
GYP7,YDL234C
PHO13,YDL236W
GUD1,YDL238C
ADY3,YDL239C
LRG1,YDL240W
YDL241W,YDL241W
YDL242W,YDL242W
AAD4,YDL243C
NTH1,YDR001C
RCR2,YDR003W
RAD57,YDR004W
MAF1,YDR005C
SOK1,YDR006C
TRP1,YDR007W
YDR008C,YDR008C
GAL3,YDR009W
YDR010C,YDR010C
SNQ2,YDR011W
RAD61,YDR014W
YDR015C,YDR015C
KCS1,YDR017C
YDR018C,YDR018C
GCV1,YDR019C
DAS2,YDR020C
FYV1,YDR024W
RPS11A,YDR025W
YDR026C,YDR026C
VPS54,YDR027C
REG1,YDR028C
YDR029W,YDR029W
RAD28,YDR030C
PST2,YDR032C
MRH1,YDR033W
LYS14,YDR034C
ARO3,YDR035W
EHD3,YDR036C
YDR042C,YDR042C
NRG1,YDR043C
BAP3,YDR046C
YDR048C,YDR048C
VMS1,YDR049W
YDR049W,YDR049W
DET1,YDR051C
PST1,YDR055W
YDR056C,YDR056C
YOS9,YDR057W
TGL2,YDR058C
UBC5,YDR059C
YDR061W,YDR061W
AIM7,YDR063W
YDR065W,YDR065W
RTR2,YDR066C
OCA6,YDR067C
DOS2,YDR068W
DOA4,YDR069C
FMP16,YDR070C
PAA1,YDR071C
IPT1,YDR072C
SNF11,YDR073W
TPS2,YDR074W
PPH3,YDR075W
RAD55,YDR076W
SED1,YDR077W
SHU2,YDR078C
PET100,YDR079W
VPS41,YDR080W
RRP8,YDR083W
TVP23,YDR084C
AFR1,YDR085C
YDR089W,YDR089W
YDR090C,YDR090C
UBC13,YDR092W
DNF2,YDR093W
YDR094W,YDR094W
YDR095C,YDR095C
GIS1,YDR096W
MSH6,YDR097C
GRX3,YDR098C
BMH2,YDR099W
TVP15,YDR100W
ARX1,YDR101C
YDR102C,YDR102C
STE5,YDR103W
SPO71,YDR104C
TMS1,YDR105C
TMN2,YDR107C
YDR109C,YDR109C
FOB1,YDR110W
ALT2,YDR111C
YDR112W,YDR112W
YDR114C,YDR114C
YDR115W,YDR115W
MRPL1,YDR116C
TMA64,YDR117C
VBA4,YDR119W
TRM1,YDR120C
DPB4,YDR121W
KIN1,YDR122W
INO2,YDR123C
YDR124W,YDR124W
ECM18,YDR125C
SWF1,YDR126W
ARO1,YDR127W
MTC5,YDR128W
SAC6,YDR129C
FIN1,YDR130C
YDR131C,YDR131C
YDR132C,YDR132C
YDR133C,YDR133C
YDR134C,YDR134C
YCF1,YDR135C
VPS61,YDR136C
RGP1,YDR137W
HPR1,YDR138W
RUB1,YDR139C
MTQ2,YDR140W
PEX7,YDR142C
SAN1,YDR143C
MKC7,YDR144C
SWI5,YDR146C
EKI1,YDR147W
KGD2,YDR148C
YDR149C,YDR149C
NUM1,YDR150W
CTH1,YDR151C
GIR2,YDR152W
ENT5,YDR153C
YDR154C,YDR154C
CPR1,YDR155C
RPA14,YDR156W
YDR157W,YDR157W
HOM2,YDR158W
SAC3,YDR159W
YDR161W,YDR161W
NBP2,YDR162C
CWC15,YDR163W
TRM82,YDR165W
STB3,YDR169C
HSP42,YDR171W
ARG82,YDR173C
HMO1,YDR174W
RSM24,YDR175C
NGG1,YDR176W
SDH4,YDR178W
CSN9,YDR179C
SAS4,YDR181C
PLP1,YDR183W
ATC1,YDR184C
YDR185C,YDR185C
YDR186C,YDR186C
HST4,YDR191W
NUP42,YDR192C
YDR193W,YDR193W
MSS116,YDR194C
REF2,YDR195W
CBS2,YDR197W
RKM2,YDR198C
YDR199W,YDR199W
VPS64,YDR200C
RAV2,YDR202C
YDR203W,YDR203W
COQ4,YDR204W
MSC2,YDR205W
EBS1,YDR206W
UME6,YDR207C
YDR209C,YDR209C
YDR210W,YDR210W
UPC2,YDR213W
AHA1,YDR214W
YDR215C,YDR215C
ADR1,YDR216W
RAD9,YDR217C
SPR28,YDR218C
MFB1,YDR219C
YDR220C,YDR220C
GTB1,YDR221W
YDR222W,YDR222W
CRF1,YDR223W
HTA1,YDR225W
ADK1,YDR226W
SIR4,YDR227W
IVY1,YDR229W
YDR230W,YDR230W
COX20,YDR231C
RTN1,YDR233C
LYS4,YDR234W
MRPL7,YDR237W
YDR239C,YDR239C
BUD26,YDR241W
AMD2,YDR242W
PEX5,YDR244W
MNN10,YDR245W
VHS1,YDR247W
YDR248C,YDR248C
YDR249C,YDR249C
YDR250C,YDR250C
PAM1,YDR251W
BTT1,YDR252W
MET32,YDR253C
CHL4,YDR254W
RMD5,YDR255C
CTA1,YDR256C
RKM4,YDR257C
HSP78,YDR258C
YAP6,YDR259C
SWM1,YDR260C
EXG2,YDR261C
YDR262W,YDR262W
DIN7,YDR263C
AKR1,YDR264C
PEX10,YDR265W
YDR266C,YDR266C
MSW1,YDR268W
YDR269C,YDR269C
CCC2,YDR270W
YDR271C,YDR271C
GLO2,YDR272W
DON1,YDR273W
YDR274C,YDR274C
BSC2,YDR275W
PMP3,YDR276C
MTH1,YDR277C
YDR278C,YDR278C
RNH202,YDR279W
PHM6,YDR281C
YDR282C,YDR282C
GCN2,YDR283C
DPP1,YDR284C
ZIP1,YDR285W
YDR286C,YDR286C
INM2,YDR287W
RTT103,YDR289C
YDR290W,YDR290W
HRQ1,YDR291W
SSD1,YDR293C
DPL1,YDR294C
HDA2,YDR295C
MHR1,YDR296W
SUR2,YDR297W
ATP5,YDR298C
PRO1,YDR300C
CPR5,YDR304C
HNT2,YDR305C
YDR306C,YDR306C
YDR307W,YDR307W
GIC2,YDR309C
SUM1,YDR310C
SSF2,YDR312W
PIB1,YDR313C
RAD34,YDR314C
IPK1,YDR315C
OMS1,YDR316W
HIM1,YDR317W
MCM21,YDR318W
YFT2,YDR319C
SWA2,YDR320C
ASP1,YDR321W
MRPL35,YDR322W
PEP7,YDR323C
YSP2,YDR326C
PEX3,YDR329C
UBX5,YDR330W
IRC3,YDR332W
YDR333C,YDR333C
SWR1,YDR334W
MSN5,YDR335W
YDR336W,YDR336W
MRPS28,YDR337W
YDR338C,YDR338C
YDR340W,YDR340W
YDR344C,YDR344C
HXT3,YDR345C
SVF1,YDR346C
MRP1,YDR347W
YDR348C,YDR348C
YPS7,YDR349C
ATP22,YDR350C
SBE2,YDR351W
YDR352W,YDR352W
TRP4,YDR354W
YDR357C,YDR357C
GGA1,YDR358W
EAF1,YDR359C
YDR360W,YDR360W
ESC2,YDR363W
SEM1,YDR363W-A
CDC40,YDR364C
YPR1,YDR368W
YDR370C,YDR370C
CTS2,YDR371W
VPS74,YDR372C
YDR374C,YDR374C
BCS1,YDR375C
ATP17,YDR377W
LSM6,YDR378C
RGA2,YDR379W
ARO10,YDR380W
RPP2B,YDR382W
NKP1,YDR383C
ATO3,YDR384C
EFT2,YDR385W
MUS81,YDR386W
YDR387C,YDR387C
SAC7,YDR389W
YDR391C,YDR391C
SPT3,YDR392W
SHE9,YDR393W
SXM1,YDR395W
HPT1,YDR399W
URH1,YDR400W
YDR401W,YDR401W
DIT2,YDR402C
DIT1,YDR403W
PDR15,YDR406W
ADE8,YDR408C
SIZ1,YDR409W
STE14,YDR410C
DFM1,YDR411C
ERD1,YDR414C
YDR415C,YDR415C
YDR417C,YDR417C
RPL12B,YDR418W
RAD30,YDR419W
HKR1,YDR420W
ARO80,YDR421W
SIP1,YDR422C
CAD1,YDR423C
DYN2,YDR424C
SNX41,YDR425W
YDR426C,YDR426C
BNA7,YDR428C
CYM1,YDR430C
YDR431W,YDR431W
NPL3,YDR432W
YDR433W,YDR433W
PPM1,YDR435C
PPZ2,YDR436W
THI74,YDR438W
LRS4,YDR439W
DOT1,YDR440W
APT2,YDR441C
YDR442W,YDR442W
SSN2,YDR443C
YDR444W,YDR444W
YDR445C,YDR445C
ECM11,YDR446W
RPS17B,YDR447C
ADA2,YDR448W
RPS18A,YDR450W
YHP1,YDR451C
PPN1,YDR452W
TSA2,YDR453C
YDR455C,YDR455C
NHX1,YDR456W
TOM1,YDR457W
HEH2,YDR458C
PFA5,YDR459C
MFA1,YDR461W
MRPL28,YDR462W
STP1,YDR463W
RMT2,YDR465C
PKH3,YDR466W
YDR467C,YDR467C
SDC1,YDR469W
UGO1,YDR470C
RPL27B,YDR471W
YDR476C,YDR476C
SNF1,YDR477W
PEX29,YDR479C
DIG2,YDR480W
PHO8,YDR481C
CWC21,YDR482C
KRE2,YDR483W
VPS52,YDR484W
VPS72,YDR485C
VPS60,YDR486C
PAC11,YDR488C
PKH1,YDR490C
YDR491C,YDR491C
IZH1,YDR492W
RSM28,YDR494W
VPS3,YDR495C
PUF6,YDR496C
ITR1,YDR497C
RPL37B,YDR500C
PLM2,YDR501W
SAM2,YDR502C
LPP1,YDR503C
SPG3,YDR504C
PSP1,YDR505C
YDR506C,YDR506C
GIN4,YDR507C
GNP1,YDR508C
YDR509W,YDR509W
EMI1,YDR512C
GRX2,YDR513W
YDR514C,YDR514C
SLF1,YDR515W
EMI2,YDR516C
GRH1,YDR517W
EUG1,YDR518W
FPR2,YDR519W
URC2,YDR520C
YDR521W,YDR521W
SPS2,YDR522C
SPS1,YDR523C
AGE1,YDR524C
API2,YDR525W
SNA2,YDR525W-A
HLR1,YDR528W
QCR7,YDR529C
APA2,YDR530C
YDR532C,YDR532C
HSP31,YDR533C
FIT1,YDR534C
YDR535C,YDR535C
STL1,YDR536W
YDR537C,YDR537C
PAD1,YDR538W
YDR539W,YDR539W
IRC4,YDR540C
YDR541C,YDR541C
IRC22,YEL001C
GIM4,YEL003W
YEA4,YEL004W
VAB2,YEL005C
YEA6,YEL006W
YEL007W,YEL007W
YEL008W,YEL008W
GCN4,YEL009C
YEL010W,YEL010W
GLC3,YEL011W
UBC8,YEL012W
VAC8,YEL013W
YEL014C,YEL014C
EDC3,YEL015W
NPP2,YEL016C
PMP2,YEL017C-A
GTT3,YEL017W
EAF5,YEL018W
YEL020C,YEL020C
YEL023C,YEL023C
RIP1,YEL024W
YEL025C,YEL025C
YEL028W,YEL028W
BUD16,YEL029C
ECM10,YEL030W
SPF1,YEL031W
MTC7,YEL033W
ANP1,YEL036C
RAD23,YEL037C
UTR4,YEL038W
CYC7,YEL039C
UTR2,YEL040W
YEF1,YEL041W
GDA1,YEL042W
YEL043W,YEL043W
IES6,YEL044W
YEL045C,YEL045C
GLY1,YEL046C
YEL047C,YEL047C
YEL048C,YEL048C
PAU2,YEL049W
RML2,YEL050C
VMA8,YEL051W
AFG1,YEL052W
MAK10,YEL053C
RPL12A,YEL054C
HAT2,YEL056W
YEL057C,YEL057C
YEL059W,YEL059W
PRB1,YEL060C
CIN8,YEL061C
NPR2,YEL062W
CAN1,YEL063C
AVT2,YEL064C
SIT1,YEL065W
HPA3,YEL066W
YEL067C,YEL067C
YEL068C,YEL068C
DLD3,YEL071W
RMD6,YEL072W
MNN1,YER001W
NOP16,YER002W
FMP52,YER004W
YND1,YER005W
TMA20,YER007C-A
PAC2,YER007W
YER010C,YER010C
TIR1,YER011W
BUD25,YER014C-A
BIM1,YER016W
AFG3,YER017C
SBH2,YER019C-A
ISC1,YER019W
GPA2,YER020W
YAT2,YER024W
GAL83,YER027C
MIG3,YER028C
CHZ1,YER030W
YPT31,YER031C
FIR1,YER032W
ZRG8,YER033C
YER034W,YER034W
EDC2,YER035W
PHM8,YER037W
HVG1,YER039C
GLN3,YER040W
YEN1,YER041W
MXR1,YER042W
ERG28,YER044C
MEI4,YER044C-A
ACA1,YER045C
SPO73,YER046W
SAP1,YER047C
CAJ1,YER048C
TPA1,YER049W
RSM18,YER050C
JHD1,YER051W
HOM3,YER052C
PIC2,YER053C
GIP2,YER054C
HIS1,YER055C
FCY2,YER056C
RPL34A,YER056C-A
HMF1,YER057C
PET117,YER058W
PCL6,YER059W
FCY21,YER060W
FCY22,YER060W-A
CEM1,YER061C
THO1,YER063W
YER064C,YER064C
ICL1,YER065C
YER066W,YER066W
YER067W,YER067W
MOT2,YER068W
RNR1,YER070W
YER071C,YER071C
VTC1,YER072W
ALD5,YER073W
RPS24A,YER074W
PTP3,YER075C
YER077C,YER077C
YER078C,YER078C
YER079W,YER079W
AIM9,YER080W
SER3,YER081W
GET2,YER083C
YER084W,YER084W
YER085C,YER085C
ILV1,YER086W
AIM10,YER087W
DOT6,YER088C
PTC2,YER089C
TRP2,YER090W
MET6,YER091C
IES5,YER092W
RAD51,YER095W
SHC1,YER096W
YER097W,YER097W
UBP9,YER098W
AST2,YER101C
SSA4,YER103W
MAM1,YER106W
FLO8,YER109C
KAP123,YER110C
SWI4,YER111C
TMN3,YER113C
BOI2,YER114C
SPR6,YER115C
SLX8,YER116C
RPL23B,YER117W
SHO1,YER118C
AVT6,YER119C
SCS2,YER120W
YER121W,YER121W
GLO3,YER122C
YCK3,YER123W
DSE1,YER124C
YER128W,YER128W
SAK1,YER129W
YER130C,YER130C
RPS26B,YER131W
PMD1,YER132C
YER134C,YER134C
YER135C,YER135C
YER137C,YER137C
RTR1,YER139C
YER140W,YER140W
COX15,YER141W
MAG1,YER142C
DDI1,YER143W
UBP5,YER144C
FTR1,YER145C
PEA2,YER149C
SPI1,YER150W
UBP3,YER151C
YER152C,YER152C
PET122,YER153C
OXA1,YER154W
BEM2,YER155C
YER156C,YER156C
YER158C,YER158C
SPT2,YER161C
RAD4,YER162C
YER163C,YER163C
CHD1,YER164W
DNF1,YER166W
BCK2,YER167W
RPH1,YER169W
ADK2,YER170W
RAD24,YER173W
GRX4,YER174C
TMT1,YER175C
ECM32,YER176W
BMH1,YER177W
PDA1,YER178W
DMC1,YER179W
ISC10,YER180C
YER181C,YER181C
FMP10,YER182W
FAU1,YER183C
YER184C,YER184C
PUG1,YER185W
YER186C,YER186C
YER187W,YER187W
YER188W,YER188W
DEG1,YFL001W
MSH4,YFL003C
VTC2,YFL004W
BLM10,YFL007W
WWM1,YFL010C
AUA1,YFL010W-A
HXT10,YFL011W
YFL012W,YFL012W
IES1,YFL013C
HSP12,YFL014W
YFL015C,YFL015C
MDJ1,YFL016C
LPD1,YFL018C
YFL019C,YFL019C
PAU5,YFL020C
GAT1,YFL021W
BUD27,YFL023W
BST1,YFL025C
STE2,YFL026W
GYP8,YFL027C
CAF16,YFL028C
AGX1,YFL030W
HAC1,YFL031W
YFL032W,YFL032W
RIM15,YFL033C
RPL22B,YFL034C-A
YFL034W,YFL034W
RPO41,YFL036W
YFL040W,YFL040W
FET5,YFL041W
YFL042C,YFL042C
OTU1,YFL044C
FMP32,YFL046W
RGD2,YFL047W
EMP47,YFL048C
SWP82,YFL049W
ALR2,YFL050C
YFL051C,YFL051C
YFL052W,YFL052W
DAK2,YFL053W
YFL054C,YFL054C
AGP3,YFL055W
AAD6,YFL056C
YFL063W,YFL063W
LOC1,YFR001W
YFR006W,YFR006W
YFH7,YFR007W
FAR7,YFR008W
GCN20,YFR009W
UBP6,YFR010W
YFR012W,YFR012W
IOC3,YFR013W
CMK1,YFR014C
GSY1,YFR015C
YFR016C,YFR016C
YFR017C,YFR017C
YFR018C,YFR018C
FAB1,YFR019W
YFR020W,YFR020W
ATG18,YFR021W
ROG3,YFR022W
PES4,YFR023W
LSB3,YFR024C-A
HIS2,YFR025C
ULI1,YFR026C
MET10,YFR030W
RPL2A,YFR031C-A
YFR032C,YFR032C
RPL29,YFR032C-A
QCR6,YFR033C
PHO4,YFR034C
YFR035C,YFR035C
CDC26,YFR036W
IRC5,YFR038W
YFR039C,YFR039C
SAP155,YFR040W
ERJ5,YFR041C
IRC6,YFR043C
DUG1,YFR044C
YFR045W,YFR045W
CNN1,YFR046C
BNA6,YFR047C
RMD8,YFR048W
YMR31,YFR049W
HXK1,YFR053C
YFR054C,YFR054C
IRC7,YFR055W
YFR056C,YFR056C
YFR057W,YFR057W
ERP6,YGL002W
CDH1,YGL003C
RPN14,YGL004C
COG7,YGL005C
PMC1,YGL006W
YGL007W,YGL007W
YGL010W,YGL010W
ERG4,YGL012W
PDR1,YGL013C
PUF4,YGL014W
YGL015C,YGL015C
KAP122,YGL016W
ATE1,YGL017W
CKB1,YGL019W
GET1,YGL020C
ALK1,YGL021W
PIB2,YGL023C
YGL024W,YGL024W
PGD1,YGL025C
TRP5,YGL026C
CWH41,YGL027C
SCW11,YGL028C
CGR1,YGL029W
RPL24A,YGL031C
AGA2,YGL032C
HOP2,YGL033W
YGL034C,YGL034C
MIG1,YGL035C
YGL036W,YGL036W
PNC1,YGL037C
OCH1,YGL038C
YGL039W,YGL039W
YGL041C,YGL041C
YGL042C,YGL042C
DST1,YGL043W
RIM8,YGL045W
TIF4632,YGL049C
TYW3,YGL050W
MST27,YGL051W
PRM8,YGL053W
ERV14,YGL054C
SDS23,YGL056C
YGL057C,YGL057C
RAD6,YGL058W
PKP2,YGL059W
YBP2,YGL060W
PYC1,YGL062W
PUS2,YGL063W
MRH4,YGL064C
SGF73,YGL066W
NPY1,YGL067W
RPB9,YGL070C
AFT1,YGL071W
YGL072C,YGL072C
RPL7A,YGL076C
HNM1,YGL077C
DBP3,YGL078C
YGL079W,YGL079W
YGL081W,YGL081W
YGL082W,YGL082W
SCY1,YGL083W
GUP1,YGL084C
YGL085W,YGL085W
MAD1,YGL086W
MMS2,YGL087C
YGL088W,YGL088W
LIF1,YGL090W
PAN2,YGL094C
VPS45,YGL095C
TOS8,YGL096W
YGL101W,YGL101W
VPS73,YGL104C
ARC1,YGL105W
RMD9,YGL107C
YGL108C,YGL108C
YGL109W,YGL109W
CUE3,YGL110C
YGL114W,YGL114W
SNF4,YGL115W
YGL117W,YGL117W
YGL118C,YGL118C
GPG1,YGL121C
MON1,YGL124C
SCS3,YGL126W
SOH1,YGL127C
RSM23,YGL129C
SNT2,YGL131C
YGL132W,YGL132W
ITC1,YGL133W
RPL1B,YGL135W
MRM2,YGL136C
YGL138C,YGL138C
FLC3,YGL139W
YGL140C,YGL140C
HUL5,YGL141W
MRF1,YGL143C
ROG1,YGL144C
YGL146C,YGL146C
RPL9A,YGL147C
ARO2,YGL148W
YGL149W,YGL149W
NUT1,YGL151W
YGL152C,YGL152C
PEX14,YGL153W
LYS5,YGL154C
AMS1,YGL156W
YGL157W,YGL157W
RCK1,YGL158W
YGL159W,YGL159W
AIM14,YGL160W
YIP5,YGL161C
SUT1,YGL162W
RAD54,YGL163C
YRB30,YGL164C
YGL165C,YGL165C
CUP2,YGL166W
PMR1,YGL167C
HUR1,YGL168W
SPO74,YGL170C
BUD13,YGL174W
SAE2,YGL175C
YGL176C,YGL176C
YGL177W,YGL177W
MPT5,YGL178W
TOS3,YGL179C
ATG1,YGL180W
GTS1,YGL181W
HOS2,YGL194C
GCN1,YGL195W
DSD1,YGL196W
MDS3,YGL197W
YIP4,YGL198W
YGL199C,YGL199C
EMP24,YGL200C
ARO8,YGL202W
KEX1,YGL203C
POX1,YGL205W
CHC1,YGL206C
SIP2,YGL208W
MIG2,YGL209W
YPT32,YGL210W
NCS6,YGL211W
VAM7,YGL212W
SKI8,YGL213C
YGL214W,YGL214W
CLG1,YGL215W
KIP3,YGL216W
YGL217C,YGL217C
YGL218W,YGL218W
MDM34,YGL219C
FRA2,YGL220W
NIF3,YGL221C
EDC1,YGL222C
COG1,YGL223C
SDT1,YGL224C
OST5,YGL226C-A
MTC3,YGL226W
VID30,YGL227W
SHE10,YGL228W
SAP4,YGL229C
YGL230C,YGL230C
YGL231C,YGL231C
TAN1,YGL232W
YGL235W,YGL235W
MTO1,YGL236C
HAP2,YGL237C
DOC1,YGL240W
KAP114,YGL241W
YGL242C,YGL242C
TAD1,YGL243W
RTF1,YGL244W
RAI1,YGL246C
PDE1,YGL248W
ZIP2,YGL249W
RMR1,YGL250W
HFM1,YGL251C
RTG2,YGL252C
HXK2,YGL253W
FZF1,YGL254W
ZRT1,YGL255W
ADH4,YGL256W
MNT2,YGL257C
VEL1,YGL258W
YPS5,YGL259W
YGL260W,YGL260W
PAU11,YGL261C
YGL262W,YGL262W
COS12,YGL263W
CUL3,YGR003W
PEX31,YGR004W
PRP18,YGR006W
STF2,YGR008C
NMA2,YGR010W
YGR011W,YGR011W
YGR012W,YGR012W
MSB2,YGR014W
YGR015C,YGR015C
YGR016W,YGR016W
YGR017W,YGR017W
YGR018C,YGR018C
UGA1,YGR019W
VMA7,YGR020C
YGR021W,YGR021W
YGR022C,YGR022C
MTL1,YGR023W
YGR025W,YGR025W
YGR026W,YGR026W
RPS25A,YGR027C
MSP1,YGR028W
YGR031W,YGR031W
GSC2,YGR032W
TIM21,YGR033C
RPL26B,YGR034W
YGR035C,YGR035C
CAX4,YGR036C
ACB1,YGR037C
ORM1,YGR038W
YGR039W,YGR039W
KSS1,YGR040W
BUD9,YGR041W
YGR042W,YGR042W
NQM1,YGR043C
RME1,YGR044C
YGR045C,YGR045C
SCM4,YGR049W
YGR050C,YGR050C
YGR051C,YGR051C
FMP48,YGR052W
YGR053C,YGR053C
YGR054W,YGR054W
MUP1,YGR055W
RSC1,YGR056W
LST7,YGR057C
PEF1,YGR058W
SPR3,YGR059W
ADE6,YGR061C
COX18,YGR062C
SPT4,YGR063C
YGR064W,YGR064W
YGR066C,YGR066C
YGR067C,YGR067C
ART5,YGR068C
YGR069W,YGR069W
ROM1,YGR070W
YGR071C,YGR071C
UPF3,YGR072W
MRPL25,YGR076C
PEX8,YGR077C
PAC10,YGR078C
YGR079W,YGR079W
TWF1,YGR080W
SLX9,YGR081C
MRP13,YGR084C
RPL11B,YGR085C
PIL1,YGR086C
PDC6,YGR087C
CTT1,YGR088W
NNF2,YGR089W
DBF2,YGR092W
DRN1,YGR093W
TPC1,YGR096W
ASK10,YGR097W
MDR1,YGR100W
PCP1,YGR101W
YGR102C,YGR102C
SRB5,YGR104C
VMA21,YGR105W
VOA1,YGR106C
YGR107W,YGR107W
CLB1,YGR108W
CLB6,YGR109C
CLD1,YGR110W
YGR111W,YGR111W
SHY1,YGR112W
YGR117C,YGR117C
RPS23A,YGR118W
MEP1,YGR121C
YGR122W,YGR122W
PPT1,YGR123C
ASN2,YGR124W
YGR125W,YGR125W
YGR126W,YGR126W
YGR127W,YGR127W
SYF2,YGR129W
YGR130C,YGR130C
YGR131W,YGR131W
PHB1,YGR132C
PEX4,YGR133W
CAF130,YGR134W
PRE9,YGR135W
LSB1,YGR136W
YGR137W,YGR137W
TPO2,YGR138C
YGR139W,YGR139W
VPS62,YGR141W
BTN2,YGR142W
SKN1,YGR143W
THI4,YGR144W
YGR146C,YGR146C
RPL24B,YGR148C
YGR149W,YGR149W
YGR151C,YGR151C
RSR1,YGR152C
YGR153W,YGR153W
GTO1,YGR154C
CYS4,YGR155W
CHO2,YGR157W
NSR1,YGR159C
YGR160W,YGR160W
RTS3,YGR161C
TIF4631,YGR162W
GTR2,YGR163W
YGR164W,YGR164W
MRPS35,YGR165W
CLC1,YGR167W
YGR168C,YGR168C
PUS6,YGR169C
PSD2,YGR170W
MSM1,YGR171C
RBG2,YGR173W
CBP4,YGR174C
YGR176W,YGR176W
ATF2,YGR177C
PBP1,YGR178C
RNR4,YGR180C
TIM13,YGR181W
YGR182C,YGR182C
QCR9,YGR183C
UBR1,YGR184C
HGH1,YGR187C
BUB1,YGR188C
CRH1,YGR189C
TDH3,YGR192C
PDX1,YGR193C
XKS1,YGR194C
FYV8,YGR196C
SNG1,YGR197C
PMT6,YGR199W
ELP2,YGR200C
YGR201C,YGR201C
PCT1,YGR202C
YGR203W,YGR203W
ADE3,YGR204W
YGR205W,YGR205W
MVB12,YGR206W
YGR207C,YGR207C
SER2,YGR208W
TRX2,YGR209C
YGR210C,YGR210C
SLI1,YGR212W
RTA1,YGR213C
RPS0A,YGR214W
RSM27,YGR215W
CCH1,YGR217W
YGR219W,YGR219W
MRPL9,YGR220C
TOS2,YGR221C
PET54,YGR222W
HSV2,YGR223C
AZR1,YGR224W
AMA1,YGR225W
YGR226C,YGR226C
DIE2,YGR227W
YGR228W,YGR228W
SMI1,YGR229C
BNS1,YGR230W
PHB2,YGR231C
NAS6,YGR232W
PHO81,YGR233C
YHB1,YGR234W
YGR235C,YGR235C
SPG1,YGR236C
YGR237C,YGR237C
KEL2,YGR238C
PEX21,YGR239C
PFK1,YGR240C
YAP1802,YGR241C
YGR242W,YGR242W
LSC2,YGR244C
CPD1,YGR247W
SOL4,YGR248W
MGA1,YGR249W
YGR250C,YGR250C
GCN5,YGR252W
ENO1,YGR254W
COQ6,YGR255C
GND2,YGR256W
MTM1,YGR257C
RAD2,YGR258C
YGR259C,YGR259C
TNA1,YGR260W
APL6,YGR261C
BUD32,YGR262C
SAY1,YGR263C
YGR266W,YGR266W
HUA1,YGR268C
YGR269W,YGR269W
YTA7,YGR270W
SLH1,YGR271W
YGR273C,YGR273C
RTT102,YGR275W
RNH70,YGR276C
SCW4,YGR279C
YOR1,YGR281W
BGL2,YGR282C
YGR283C,YGR283C
ERV29,YGR284C
ZUO1,YGR285C
BIO2,YGR286C
YGR287C,YGR287C
MAL13,YGR288W
MAL11,YGR289C
YGR290W,YGR290W
YGR291C,YGR291C
MAL12,YGR292W
COS6,YGR295C
HSE1,YHL002W
LAG1,YHL003C
YHL005C,YHL005C
SHU1,YHL006C
STE20,YHL007C
YHL008C,YHL008C
YAP3,YHL009C
YHL010C,YHL010C
PRS3,YHL011C
YHL012W,YHL012W
OTU2,YHL013C
YLF2,YHL014C
DUR3,YHL016C
YHL017W,YHL017W
APM2,YHL019C
OPI1,YHL020C
SPO11,YHL022C
RIM4,YHL024W
SNF6,YHL025W
YHL026C,YHL026C
RIM101,YHL027W
WSC4,YHL028W
OCA5,YHL029C
ECM29,YHL030W
GOS1,YHL031C
GUT1,YHL032C
RPL8A,YHL033C
SBP1,YHL034C
VMR1,YHL035C
MUP3,YHL036W
YHL037C,YHL037C
CBP2,YHL038C
YHL039W,YHL039W
ARN1,YHL040C
YHL041W,YHL041W
YHL042W,YHL042W
ECM34,YHL043W
YHL044W,YHL044W
YHL045W,YHL045W
PAU13,YHL046C
ARN2,YHL047C
QCR10,YHR001W-A
YHR003C,YHR003C
NEM1,YHR004C
GPA1,YHR005C
STP2,YHR006W
SOD2,YHR008C
YHR009C,YHR009C
DIA4,YHR011W
VPS29,YHR012W
ARD1,YHR013C
SPO13,YHR014W
MIP6,YHR015W
YSC84,YHR016C
YSC83,YHR017W
ARG4,YHR018C
RPS27B,YHR021C
ECM12,YHR021W-A
YHR022C,YHR022C
THR1,YHR025W
VMA16,YHR026W
DAP2,YHR028C
YHI9,YHR029C
SLT2,YHR030C
RRM3,YHR031C
YHR032W,YHR032W
YHR033W,YHR033W
YHR035W,YHR035W
PUT2,YHR037W
RRF1,YHR038W
MSC7,YHR039C
VMA10,YHR039C-A
SRB2,YHR041C
DOG2,YHR043C
DOG1,YHR044C
YHR045W,YHR045W
INM1,YHR046C
AAP1,YHR047C
YHK8,YHR048W
FSH1,YHR049W
SMF2,YHR050W
COX6,YHR051W
CPR2,YHR057C
FYV4,YHR059W
VMA22,YHR060W
GIC1,YHR061C
SSZ1,YHR064C
SSF1,YHR066W
HTD2,YHR067W
PCL5,YHR071W
OSH3,YHR073W
PPE1,YHR075C
PTC7,YHR076W
NMD2,YHR077C
YHR078W,YHR078W
IRE1,YHR079C
YHR080C,YHR080C
LRP1,YHR081W
KSP1,YHR082C
NAM8,YHR086W
RTC3,YHR087W
MSR1,YHR091C
HXT4,YHR092C
AHT1,YHR093W
HXT1,YHR094C
YHR095W,YHR095W
YHR097C,YHR097C
YHR100C,YHR100C
SBE22,YHR103W
GRE3,YHR104W
YPT35,YHR105W
TRR2,YHR106W
GGA2,YHR108W
CTM1,YHR109W
ERP5,YHR110W
UBA4,YHR111W
YHR112C,YHR112C
YHR113W,YHR113W
BZZ1,YHR114W
DMA1,YHR115C
COX23,YHR116W
TOM71,YHR117W
MSH1,YHR120W
LSM12,YHR121W
EPT1,YHR123W
NDT80,YHR124W
YHR125W,YHR125W
YHR126C,YHR126C
YHR127W,YHR127W
ARP1,YHR129C
YHR130C,YHR130C
YHR131C,YHR131C
ECM14,YHR132C
IGO2,YHR132W-A
NSG1,YHR133C
WSS1,YHR134W
YCK1,YHR135C
SPL2,YHR136C
ARO9,YHR137W
YHR138C,YHR138C
SPS100,YHR139C
YHR140W,YHR140W
CHS7,YHR142W
DSE2,YHR143W
CRP1,YHR146W
MRPL6,YHR147C
PEX28,YHR150W
MTC6,YHR151C
SPO12,YHR152W
SPO16,YHR153C
RTT107,YHR154W
YSP1,YHR155W
LIN1,YHR156C
REC104,YHR157W
KEL1,YHR158C
YHR159W,YHR159W
PEX18,YHR160C
YAP1801,YHR161C
YHR162W,YHR162W
SOL3,YHR163W
THP2,YHR167W
MTG2,YHR168W
ATG7,YHR171W
FMO1,YHR176W
YHR177W,YHR177W
STB5,YHR178W
OYE2,YHR179W
YHR180W,YHR180W
SVP26,YHR181W
YHR182W,YHR182W
GND1,YHR183W
SSP1,YHR184W
PFS1,YHR185C
PTH1,YHR189W
CTF8,YHR191C
EGD2,YHR193C
MDM31,YHR194W
NVJ1,YHR195W
RPN10,YHR200W
YHR202W,YHR202W
RPS4B,YHR203C
MNL1,YHR204W
SCH9,YHR205W
SKN7,YHR206W
SET5,YHR207C
CRG1,YHR209W
YHR210C,YHR210C
YIL001W,YIL001W
INP51,YIL002C
EPS1,YIL005W
YIA6,YIL006W
NAS2,YIL007C
URM1,YIL008W
EST3,YIL009C-A
FAA3,YIL009W
DOT5,YIL010W
TIR3,YIL011W
YIL012W,YIL012W
PDR11,YIL013C
MNT3,YIL014W
BAR1,YIL015W
SNL1,YIL016W
VID28,YIL017C
RPL2B,YIL018W
HIS6,YIL020C
YKE4,YIL023C
YIL024C,YIL024C
YIL025C,YIL025C
YIL028W,YIL028W
YIL029C,YIL029C
SSM4,YIL030C
YIL032C,YIL032C
CAP2,YIL034C
CKA1,YIL035C
CST6,YIL036W
PRM2,YIL037C
NOT3,YIL038C
TED1,YIL039W
APQ12,YIL040W
GVP36,YIL041W
PKP1,YIL042C
CBR1,YIL043C
AGE2,YIL044C
PIG2,YIL045W
SYG1,YIL047C
DFG10,YIL049W
PCL7,YIL050W
RPL34B,YIL052C
YIL054W,YIL054W
YIL055C,YIL055C
VHR1,YIL056W
YIL057C,YIL057C
YIL058W,YIL058W
YIL059C,YIL059C
YIL060W,YIL060W
FIS1,YIL065C
RNR3,YIL066C
YIL067C,YIL067C
RPS24B,YIL069C
MAM33,YIL070C
PCI8,YIL071C
HOP1,YIL072W
SPO22,YIL073C
SER33,YIL074C
SEC28,YIL076W
YIL077C,YIL077C
AIR1,YIL079C
SDS3,YIL084C
KTR7,YIL085C
YIL086C,YIL086C
AVT7,YIL088C
YIL089W,YIL089W
ICE2,YIL090W
YIL092W,YIL092W
RSM25,YIL093C
LYS12,YIL094C
PRK1,YIL095W
YIL096C,YIL096C
FYV10,YIL097W
FMC1,YIL098C
SGA1,YIL099W
YIL100W,YIL100W
XBP1,YIL101C
YIL102C,YIL102C
DPH1,YIL103W
SLM1,YIL105C
PFK26,YIL107C
YIL108W,YIL108W
COX5B,YIL111W
HOS4,YIL112W
SDP1,YIL113W
POR2,YIL114C
HIS5,YIL116W
PRM5,YIL117C
RPI1,YIL119C
QDR1,YIL120W
QDR2,YIL121W
POG1,YIL122W
SIM1,YIL123W
AYR1,YIL124W
KGD1,YIL125W
MET18,YIL128W
ASG1,YIL130W
FKH1,YIL131C
CSM2,YIL132C
RPL16A,YIL133C
FLX1,YIL134W
VHS2,YIL135C
OM45,YIL136W
TMA108,YIL137C
TPM2,YIL138C
REV7,YIL139C
AXL2,YIL140W
YIL141W,YIL141W
PAN6,YIL145C
ATG32,YIL146C
RPL40A,YIL148W
MLP2,YIL149C
YIL152W,YIL152W
RRD1,YIL153W
GUT2,YIL155C
UBP7,YIL156W
COA1,YIL157C
AIM20,YIL158W
BNR1,YIL159W
POT1,YIL160C
YIL161W,YIL161W
SUC2,YIL162W
YIL163C,YIL163C
NIT1,YIL164C
YIL165C,YIL165C
YIL166C,YIL166C
SDL1,YIL167W
HXT12,YIL170W
VTH1,YIL173W
SGN1,YIR001C
MPH1,YIR002C
AIM21,YIR003W
DJP1,YIR004W
IST3,YIR005W
YIR007W,YIR007W
GAT4,YIR013C
YIR014W,YIR014W
YIR016W,YIR016W
MET28,YIR017C
YAP5,YIR018W
YIR020C,YIR020C
MRS1,YIR021W
DAL81,YIR023W
YIR024C,YIR024C
MND2,YIR025W
YVH1,YIR026C
DAL1,YIR027C
DAL4,YIR028W
DAL2,YIR029W
DCG1,YIR030C
DAL7,YIR031C
DAL3,YIR032C
MGA2,YIR033W
LYS1,YIR034C
YIR035C,YIR035C
IRC24,YIR036C
HYR1,YIR037W
GTT1,YIR038C
YPS6,YIR039C
YIR042C,YIR042C
YIR043C,YIR043C
COX16,YJL003W
SYS1,YJL004C
CTK2,YJL006C
YJL007C,YJL007C
VTC4,YJL012C
MAD3,YJL013C
YJL016W,YJL016W
BBC1,YJL020C
YJL022W,YJL022W
PET130,YJL023C
APS3,YJL024C
YJL027C,YJL027C
YJL028W,YJL028W
VPS53,YJL029C
MAD2,YJL030W
SNX4,YJL036W
IRC18,YJL037W
LOH1,YJL038C
MHP1,YJL042W
YJL043W,YJL043W
GYP6,YJL044C
YJL045W,YJL045W
AIM22,YJL046W
RTT101,YJL047C
UBX6,YJL048C
YJL049W,YJL049W
IRC8,YJL051W
TDH1,YJL052W
PEP8,YJL053W
YJL055W,YJL055W
ZAP1,YJL056C
IKS1,YJL057C
BIT61,YJL058C
YHC3,YJL059W
BNA3,YJL060W
LAS21,YJL062W
MRPL8,YJL063C
YJL064W,YJL064W
DLS1,YJL065C
MPM1,YJL066C
YJL067W,YJL067W
YJL068C,YJL068C
YJL070C,YJL070C
ARG2,YJL071W
JEM1,YJL073W
YJL075C,YJL075C
ICS3,YJL077C
PRY3,YJL078C
PRY1,YJL079C
SCP160,YJL080C
IML2,YJL082W
TAX4,YJL083W
ALY2,YJL084C
ARG3,YJL088W
SIP4,YJL089W
SRS2,YJL092W
TOK1,YJL093C
KHA1,YJL094C
BCK1,YJL095W
MRPL49,YJL096W
SAP185,YJL098W
CHS6,YJL099W
LSB6,YJL100W
GSH1,YJL101C
MEF2,YJL102W
GSM1,YJL103C
SET4,YJL105W
IME2,YJL106W
YJL107C,YJL107C
PRM10,YJL108C
GZF3,YJL110C
MDV1,YJL112W
ASF1,YJL115W
NCA3,YJL116C
PHO86,YJL117W
YJL118W,YJL118W
YJL119C,YJL119C
YJL120W,YJL120W
RPE1,YJL121C
ALB1,YJL122W
MTC1,YJL123C
LSM1,YJL124C
NIT2,YJL126W
SPT10,YJL127C
PBS2,YJL128C
TRK1,YJL129C
URA2,YJL130C
AIM23,YJL131C
YJL132W,YJL132W
MRS3,YJL133W
LCB3,YJL134W
YJL135W,YJL135W
RPS21B,YJL136C
GLG2,YJL137C
TIF2,YJL138C
YUR1,YJL139C
RPB4,YJL140W
YAK1,YJL141C
YJL142C,YJL142C
YJL144W,YJL144W
SFH5,YJL145W
IDS2,YJL146W
YJL147C,YJL147C
RPA34,YJL148W
DAS1,YJL149W
YJL150W,YJL150W
SNA3,YJL151C
YJL152W,YJL152W
INO1,YJL153C
VPS35,YJL154C
FBP26,YJL155C
FAR1,YJL157C
CIS3,YJL158C
HSP150,YJL159W
YJL160C,YJL160C
FMP33,YJL161W
JJJ2,YJL162C
YJL163C,YJL163C
TPK1,YJL164C
HAL5,YJL165C
QCR8,YJL166W
SET2,YJL168C
YJL169W,YJL169W
ASG7,YJL170C
YJL171C,YJL171C
CPS1,YJL172W
YJL175W,YJL175W
SWI3,YJL176C
RPL17B,YJL177W
ATG27,YJL178C
PFD1,YJL179W
ATP12,YJL180C
YJL181W,YJL181W
YJL182C,YJL182C
MNN11,YJL183W
GON7,YJL184W
YJL185C,YJL185C
MNN5,YJL186W
SWE1,YJL187C
BUD19,YJL188C
RPL39,YJL189W
RPS22A,YJL190C
RPS14B,YJL191W
SOP4,YJL192C
YJL193W,YJL193W
ELO1,YJL196C
UBP12,YJL197W
PHO90,YJL198W
YJL199C,YJL199C
ACO2,YJL200C
ECM25,YJL201W
RCY1,YJL204C
YJL206C,YJL206C
LAA1,YJL207C
NUC1,YJL208C
CBP1,YJL209W
PEX2,YJL210W
YJL211C,YJL211C
OPT1,YJL212C
YJL213W,YJL213W
HXT8,YJL214W
YJL215C,YJL215C
YJL216C,YJL216C
REE1,YJL217W
YJL218W,YJL218W
AVT1,YJR001W
YJR003C,YJR003C
SAG1,YJR004C
APL1,YJR005W
YJR008W,YJR008W
TDH2,YJR009C
SPC1,YJR010C-A
MET3,YJR010W
YJR011C,YJR011C
TMA22,YJR014W
YJR015W,YJR015W
YJR018W,YJR018W
TES1,YJR019C
YJR020W,YJR020W
REC107,YJR021C
MDE1,YJR024C
BNA1,YJR025C
YJR026W,YJR026W
YJR030C,YJR030C
GEA1,YJR031C
CPR7,YJR032W
RAV1,YJR033C
PET191,YJR034W
RAD26,YJR035W
HUL4,YJR036C
YJR037W,YJR037W
YJR038C,YJR038C
YJR039W,YJR039W
GEF1,YJR040W
POL32,YJR043C
VPS55,YJR044C
ANB1,YJR047C
CYC1,YJR048W
UTR1,YJR049C
ISY1,YJR050W
OSM1,YJR051W
RAD7,YJR052W
BFA1,YJR053W
YJR054W,YJR054W
HIT1,YJR055W
YJR056C,YJR056C
APS2,YJR058C
PTK2,YJR059W
CBF1,YJR060W
YJR061W,YJR061W
NTA1,YJR062C
RPA12,YJR063W
TOR1,YJR066W
HAM1,YJR069C
LIA1,YJR070C
OPI3,YJR073C
MOG1,YJR074W
HOC1,YJR075W
MIR1,YJR077C
BNA2,YJR078W
YJR079W,YJR079W
EAF6,YJR082C
ACF4,YJR083C
YJR087W,YJR087W
YJR088C,YJR088C
GRR1,YJR090C
JSN1,YJR091C
BUD4,YJR092W
IME1,YJR094C
RPL43B,YJR094W-A
SFC1,YJR095W
YJR096W,YJR096W
JJJ3,YJR097W
YJR098C,YJR098C
YUH1,YJR099W
AIM25,YJR100C
VPS25,YJR102C
URA8,YJR103W
SOD1,YJR104C
ADO1,YJR105W
ECM27,YJR106W
YJR107W,YJR107W
ABM1,YJR108W
CPA2,YJR109C
YMR1,YJR110W
YJR111C,YJR111C
RSM7,YJR113C
YJR115W,YJR115W
YJR116W,YJR116W
STE24,YJR117W
ILM1,YJR118C
JHD2,YJR119C
YJR120W,YJR120W
ATP2,YJR121W
IBA57,YJR122W
YJR124C,YJR124C
ENT3,YJR125C
VPS70,YJR126C
RSF2,YJR127C
YJR128W,YJR128W
YJR129C,YJR129C
STR2,YJR130C
MNS1,YJR131W
XPT1,YJR133W
SGM1,YJR134C
MCM22,YJR135C
HOM6,YJR139C
HIR3,YJR140C
YJR142W,YJR142W
MGM101,YJR144W
RPS4A,YJR145C
YJR146W,YJR146W
HMS2,YJR147W
BAT2,YJR148W
YJR149W,YJR149W
DAN1,YJR150C
DAL5,YJR152W
PGU1,YJR153W
YJR154W,YJR154W
MET14,YKL001C
DID4,YKL002W
MRP17,YKL003C
BYE1,YKL005C
RPL14A,YKL006W
CAP1,YKL007W
LAC1,YKL008C
MRT4,YKL009W
UFD4,YKL010C
CCE1,YKL011C
PUT3,YKL015W
ATP7,YKL016C
HCS1,YKL017C
SPT23,YKL020C
YKL023W,YKL023W
PAN3,YKL025C
GPX1,YKL026C
YKL027W,YKL027W
MAE1,YKL029C
YKL030W,YKL030W
YKL031W,YKL031W
IXR1,YKL032C
TUL1,YKL034W
UGP1,YKL035W
AIM26,YKL037W
RGT1,YKL038W
PTM1,YKL039W
NFU1,YKL040C
VPS24,YKL041W
PHD1,YKL043W
YKL044W,YKL044W
DCW1,YKL046C
YKL047W,YKL047W
ELM1,YKL048C
YKL050C,YKL050C
SFK1,YKL051W
MDM35,YKL053C-A
YKL053W,YKL053W
DEF1,YKL054C
OAR1,YKL055C
TMA19,YKL056C
NUP120,YKL057C
YKL061W,YKL061W
MSN4,YKL062W
YKL063C,YKL063C
MNR2,YKL064W
YET1,YKL065C
YKL066W,YKL066W
YNK1,YKL067W
NUP100,YKL068W
YKL069W,YKL069W
YKL070W,YKL070W
YKL071W,YKL071W
STB6,YKL072W
LHS1,YKL073W
MUD2,YKL074C
YKL075C,YKL075C
YKL076C,YKL076C
YKL077W,YKL077W
SMY1,YKL079W
VMA5,YKL080W
TEF4,YKL081W
HOT13,YKL084W
MDH1,YKL085W
SRX1,YKL086W
CYT2,YKL087C
CUE2,YKL090W
YKL091C,YKL091C
BUD2,YKL092C
MBR1,YKL093W
YJU3,YKL094W
CWP1,YKL096W
CWP2,YKL096W-A
YKL097C,YKL097C
MTC2,YKL098W
YKL100C,YKL100C
HSL1,YKL101W
YKL102C,YKL102C
YKL105C,YKL105C
AAT1,YKL106W
YKL107W,YKL107W
HAP4,YKL109W
KTI12,YKL110C
RAD27,YKL113C
APN1,YKL114C
YKL115C,YKL115C
PRR1,YKL116C
SBA1,YKL117W
YKL118W,YKL118W
VPH2,YKL119C
OAC1,YKL120W
DGR2,YKL121W
YKL123W,YKL123W
SSH4,YKL124W
YPK1,YKL126W
PGM1,YKL127W
PMU1,YKL128C
MYO3,YKL129C
SHE2,YKL130C
YKL131W,YKL131W
RMA1,YKL132C
YKL133C,YKL133C
APL2,YKL135C
YKL136W,YKL136W
CMC1,YKL137W
MRPL31,YKL138C
CTK1,YKL139W
TGL1,YKL140W
MRP8,YKL142W
LTV1,YKL143W
AVT3,YKL146W
SDH1,YKL148C
DBR1,YKL149C
MCR1,YKL150W
YKL151C,YKL151C
RSM22,YKL155C
RPS27A,YKL156W
APE2,YKL157W
RCN1,YKL159C
ELF1,YKL160W
YKL161C,YKL161C
YKL162C,YKL162C
PIR3,YKL163W
PIR1,YKL164C
TPK3,YKL166C
MRP49,YKL167C
KKQ8,YKL168C
YKL169C,YKL169C
MRPL38,YKL170W
RPL38,YKL170W
YKL171W,YKL171W
TPO5,YKL174C
ZRT3,YKL175W
LST4,YKL176C
YKL177W,YKL177W
STE3,YKL178C
COY1,YKL179C
LOT5,YKL183W
SPE1,YKL184W
ASH1,YKL185W
YKL187C,YKL187C
PXA2,YKL188C
CNB1,YKL190W
DPH2,YKL191W
MST1,YKL194C
PEX1,YKL197C
PTK1,YKL198C
MNN4,YKL201C
YKL202W,YKL202W
EAP1,YKL204W
LOS1,YKL205W
ADD66,YKL206C
CBT1,YKL208W
TRP3,YKL211C
SAC1,YKL212W
DOA1,YKL213C
YRA2,YKL214C
YKL215C,YKL215C
URA1,YKL216W
JEN1,YKL217W
SRY1,YKL218C
FRE2,YKL220C
MCH2,YKL221W
YKL222C,YKL222C
VPS1,YKR001C
OSH6,YKR003W
YKR005C,YKR005C
MRPL13,YKR006C
MEH1,YKR007W
FOX2,YKR009C
TOF2,YKR010C
YKR011C,YKR011C
YKR012C,YKR012C
PRY2,YKR013W
YPT52,YKR014C
YKR015C,YKR015C
YKR017C,YKR017C
YKR018C,YKR018C
IRS4,YKR019C
VPS51,YKR020W
ALY1,YKR021W
YKR023W,YKR023W
DBP7,YKR024C
GCN3,YKR026C
BCH2,YKR027W
SAP190,YKR028W
SET3,YKR029C
GMH1,YKR030W
SPO14,YKR031C
YKR032W,YKR032W
YKR033C,YKR033C
DAL80,YKR034W
YKR035C,YKR035C
DID2,YKR035W-A
CAF4,YKR036C
GAP1,YKR039W
YKR040C,YKR040C
YKR041W,YKR041W
UTH1,YKR042W
YKR043C,YKR043C
UIP5,YKR044W
YKR045C,YKR045C
PET10,YKR046C
YKR047W,YKR047W
NAP1,YKR048C
FMP46,YKR049C
TRK2,YKR050W
YKR051W,YKR051W
MRS4,YKR052C
YSR3,YKR053C
DYN1,YKR054C
RHO4,YKR055W
TRM2,YKR056W
RPS21A,YKR057W
GLG1,YKR058W
TIF1,YKR059W
UTP30,YKR060W
KTR2,YKR061W
OAF3,YKR064W
PAM17,YKR065C
CCP1,YKR066C
GPT2,YKR067W
MET1,YKR069W
YKR070W,YKR070W
SIS2,YKR072C
YKR073C,YKR073C
AIM29,YKR074W
YKR075C,YKR075C
ECM4,YKR076W
MSA2,YKR077W
YKR078W,YKR078W
MTD1,YKR080W
NUP133,YKR082W
HBS1,YKR084C
MRPL20,YKR085C
OMA1,YKR087C
TVP38,YKR088C
TGL4,YKR089C
PXL1,YKR090W
SRL3,YKR091W
SRP40,YKR092C
PTR2,YKR093W
RPL40B,YKR094C
MLP1,YKR095W
YKR096W,YKR096W
PCK1,YKR097W
UBP11,YKR098C
BAS1,YKR099W
SKG1,YKR100C
SIR1,YKR101W
FLO10,YKR102W
NFT1,YKR103W
YKR104W,YKR104W
VBA5,YKR105C
YKR106W,YKR106W
DNM1,YLL001W
RTT109,YLL002W
SPO75,YLL005C
MMM1,YLL006W
YLL007C,YLL007C
COX17,YLL009C
PSR1,YLL010C
YEH1,YLL012W
PUF3,YLL013C
YLL014W,YLL014W
BPT1,YLL015W
SDC25,YLL016W
YLL017W,YLL017W
COX19,YLL018C-A
KNS1,YLL019C
YLL020C,YLL020C
SPA2,YLL021W
YLL023C,YLL023C
SSA2,YLL024C
PAU17,YLL025W
HSP104,YLL026W
ISA1,YLL027W
TPO1,YLL028W
FRA1,YLL029W
YLL030C,YLL030C
YLL032C,YLL032C
IRC19,YLL033W
ENT4,YLL038C
UBI4,YLL039C
VPS13,YLL040C
SDH2,YLL041C
ATG10,YLL042C
FPS1,YLL043W
YLL044W,YLL044W
RPL8B,YLL045C
RNP1,YLL046C
YLL047W,YLL047W
YBT1,YLL048C
LDB18,YLL049W
FRE6,YLL051C
AQY2,YLL052C
YLL053C,YLL053C
YLL054C,YLL054C
YCT1,YLL055W
YLL056C,YLL056C
JLP1,YLL057C
YLL058W,YLL058W
YLL059C,YLL059C
GTT2,YLL060C
MMP1,YLL061W
MHT1,YLL062C
AYT1,YLL063C
YLR001C,YLR001C
CMS1,YLR003C
THI73,YLR004C
SSK1,YLR006C
LOT6,YLR011W
YLR012C,YLR012C
GAT3,YLR013W
PPR1,YLR014C
BRE2,YLR015W
PML1,YLR016C
MEU1,YLR017W
POM34,YLR018C
PSR2,YLR019W
YEH2,YLR020C
IRC25,YLR021W
IZH3,YLR023C
UBR2,YLR024C
SNF7,YLR025W
AAT2,YLR027C
ADE16,YLR028C
YLR030W,YLR030W
YLR031W,YLR031W
RAD5,YLR032W
SMF3,YLR034C
MLH2,YLR035C
YLR036C,YLR036C
COX12,YLR038C
RIC1,YLR039C
YLR040C,YLR040C
YLR041W,YLR041W
YLR042C,YLR042C
TRX1,YLR043C
PDC1,YLR044C
FRE8,YLR047C
RPS0B,YLR048W
YLR049C,YLR049C
YLR050C,YLR050C
IES3,YLR052W
YLR053C,YLR053C
OSW2,YLR054C
SPT8,YLR055C
ERG3,YLR056W
YLR057W,YLR057W
SHM2,YLR058C
REX2,YLR059C
RPL22A,YLR061W
BUD28,YLR062C
YLR063W,YLR063W
YLR064W,YLR064W
YLR065C,YLR065C
PET309,YLR067C
FYV7,YLR068W
MEF1,YLR069C
XYL2,YLR070C
YLR072W,YLR072W
YLR073C,YLR073C
BUD20,YLR074C
FMP25,YLR077W
SIC1,YLR079W
EMP46,YLR080W
GAL2,YLR081W
SRL2,YLR082C
EMP70,YLR083C
RAX2,YLR084C
ARP6,YLR085C
CSF1,YLR087C
ALT1,YLR089C
XDJ1,YLR090W
YLR091W,YLR091W
SUL2,YLR092W
NYV1,YLR093C
GIS3,YLR094C
IOC2,YLR095C
KIN2,YLR096W
HRT3,YLR097C
CHA4,YLR098C
ICT1,YLR099C
APC9,YLR102C
YLR104W,YLR104W
REX3,YLR107W
YLR108C,YLR108C
AHP1,YLR109W
CCW12,YLR110C
YLR111W,YLR111W
YLR112W,YLR112W
HOG1,YLR113W
AVL9,YLR114C
YLR118C,YLR118C
SRN2,YLR119W
YPS1,YLR120C
YPS3,YLR121C
YLR122C,YLR122C
YLR123C,YLR123C
YLR124W,YLR124W
YLR125W,YLR125W
YLR126C,YLR126C
DCN1,YLR128W
ZRT2,YLR130C
ACE2,YLR131C
CKI1,YLR133W
PDC5,YLR134W
SLX4,YLR135W
TIS11,YLR136C
YLR137W,YLR137W
NHA1,YLR138W
SLS1,YLR139C
PUT1,YLR142W
YLR143W,YLR143W
ACF2,YLR144C
SPE4,YLR146C
PEP3,YLR148W
YLR149C,YLR149C
STM1,YLR150W
PCD1,YLR151C
YLR152C,YLR152C
RNH203,YLR154C
YLR164W,YLR164W
PUS5,YLR165C
YLR169W,YLR169W
APS1,YLR170C
YLR171W,YLR171W
DPH5,YLR172C
YLR173W,YLR173W
IDP2,YLR174W
RFX1,YLR176C
YLR177W,YLR177W
TFS1,YLR178C
YLR179C,YLR179C
SAM1,YLR180W
VTA1,YLR181C
SWI6,YLR182W
TOS4,YLR183C
YLR184W,YLR184W
RPL37A,YLR185W
SKG3,YLR187W
MDL1,YLR188W
ATG26,YLR189C
MMR1,YLR190W
PEX13,YLR191W
HCR1,YLR192C
UPS1,YLR193C
YLR194C,YLR194C
PBA1,YLR199C
YKE2,YLR200W
COQ9,YLR201C
YLR202C,YLR202C
MSS51,YLR203C
QRI5,YLR204W
HMX1,YLR205C
ENT2,YLR206W
HRD3,YLR207W
PNP1,YLR209C
CLB4,YLR210W
YLR211C,YLR211C
CRR1,YLR213C
FRE1,YLR214W
CPR6,YLR216C
YLR217W,YLR217W
YLR218C,YLR218C
MSC3,YLR219W
CCC1,YLR220W
RSA3,YLR221C
YLR224W,YLR224W
YLR225C,YLR225C
BUR2,YLR226W
ADY4,YLR227C
ECM22,YLR228C
BNA5,YLR231C
YLR232W,YLR232W
EST1,YLR233C
TOP3,YLR234W
YLR235C,YLR235C
YLR236C,YLR236C
THI7,YLR237W
FAR10,YLR238W
LIP2,YLR239C
VPS34,YLR240W
YLR241W,YLR241W
ARV1,YLR242C
MAP1,YLR244C
ERF2,YLR246W
IRC20,YLR247C
RCK2,YLR248W
SSP120,YLR250W
SYM1,YLR251W
YLR252W,YLR252W
YLR253W,YLR253W
NDL1,YLR254C
YLR255C,YLR255C
YLR257W,YLR257W
GSY2,YLR258W
LCB5,YLR260W
VPS63,YLR261C
YPT6,YLR262C
TMA7,YLR262C-A
RED1,YLR263W
RPS28B,YLR264W
NEJ1,YLR265C
PDR8,YLR266C
BOP2,YLR267W
SEC22,YLR268W
YLR269C,YLR269C
DCS1,YLR270W
YLR271W,YLR271W
PIG1,YLR273C
YLR278C,YLR278C
YLR279W,YLR279W
YLR280C,YLR280C
YLR281C,YLR281C
YLR282C,YLR282C
YLR283W,YLR283W
ECI1,YLR284C
NNT1,YLR285W
CTS1,YLR286C
YLR287C,YLR287C
RPS30A,YLR287C-A
MEC3,YLR288C
GUF1,YLR289W
YLR290C,YLR290C
SEC72,YLR292C
YLR294C,YLR294C
ATP14,YLR295C
YLR296W,YLR296W
YLR297W,YLR297W
ECM38,YLR299W
EXG1,YLR300W
MET17,YLR303W
ACO1,YLR304C
UBC12,YLR306W
CDA1,YLR307W
CDA2,YLR308W
IMH1,YLR309C
YLR311C,YLR311C
MRPL15,YLR312W-A
SPH1,YLR313C
NKP2,YLR315W
EST2,YLR318W
BUD6,YLR319C
MMS22,YLR320W
VPS65,YLR322W
PEX30,YLR324W
YLR326W,YLR326W
TMA10,YLR327C
NMA1,YLR328W
REC102,YLR329W
CHS5,YLR330W
YLR331C,YLR331C
MID2,YLR332W
RPS25B,YLR333C
YLR334C,YLR334C
NUP2,YLR335W
VRP1,YLR337C
YLR338W,YLR338W
SPO77,YLR341W
FKS1,YLR342W
GAS2,YLR343W
RPL26A,YLR344W
YLR345W,YLR345W
YLR346C,YLR346C
DIC1,YLR348C
YLR349W,YLR349W
ORM2,YLR350W
NIT3,YLR351C
YLR352W,YLR352W
BUD8,YLR353W
TAL1,YLR354C
YLR356W,YLR356W
RSC2,YLR357W
YLR358C,YLR358C
VPS38,YLR360W
DCR2,YLR361C
STE11,YLR362W
NMD4,YLR363C
GRX8,YLR364W
YLR365W,YLR365W
YLR366W,YLR366W
RPS22B,YLR367W
MDM30,YLR368W
SSQ1,YLR369W
ARC18,YLR370C
ROM2,YLR371W
VID22,YLR373C
YLR374C,YLR374C
STP3,YLR375W
PSY3,YLR376C
FBP1,YLR377C
CSR1,YLR380W
CTF3,YLR381W
NAM2,YLR382C
IKI3,YLR384C
SWC7,YLR385C
VAC14,YLR386W
REH1,YLR387C
RPS29A,YLR388W
STE23,YLR389C
ECM19,YLR390W
CCW14,YLR390W-A
YLR392C,YLR392C
ATP10,YLR393W
CST9,YLR394W
COX8,YLR395C
VPS33,YLR396C
SKI2,YLR398C
BDF1,YLR399C
YLR400W,YLR400W
DUS3,YLR401C
YLR402W,YLR402W
SFP1,YLR403W
FLD1,YLR404W
DUS4,YLR405W
RPL31B,YLR406C
YLR407W,YLR407W
YLR408C,YLR408C
VIP1,YLR410W
BER1,YLR412W
YLR413W,YLR413W
YLR414C,YLR414C
YLR415C,YLR415C
YLR416C,YLR416C
VPS36,YLR417W
CDC73,YLR418C
URA4,YLR420W
RPN13,YLR421C
YLR422W,YLR422W
ATG17,YLR423C
TUS1,YLR425W
YLR426W,YLR426W
MAG2,YLR427W
YLR428C,YLR428C
CRN1,YLR429W
ATG23,YLR431C
IMD3,YLR432W
CNA1,YLR433C
YLR434C,YLR434C
TSR2,YLR435W
ECM30,YLR436C
DIF1,YLR437C
CAR2,YLR438W
MRPL4,YLR439W
RPS1A,YLR441C
SIR3,YLR442C
ECM7,YLR443W
YLR444C,YLR444C
YLR445W,YLR445W
YLR446W,YLR446W
VMA6,YLR447C
RPL6B,YLR448W
FPR4,YLR449W
HMG2,YLR450W
LEU3,YLR451W
SST2,YLR452C
RIF2,YLR453C
FMP27,YLR454W
YLR455W,YLR455W
YLR456W,YLR456W
YLR460C,YLR460C
PAU4,YLR461W
YPT7,YML001W
YML002W,YML002W
YML003W,YML003W
GLO1,YML004C
TRM12,YML005W
GIS4,YML006C
YAP1,YML007W
ERG6,YML008C
MRPL39,YML009C
RAD33,YML011C
ERV25,YML012W
UBX2,YML013W
TRM9,YML014W
PPZ1,YML016C
PSP2,YML017W
YML018C,YML018C
OST6,YML019W
YML020W,YML020W
UNG1,YML021C
APT1,YML022W
RPS17A,YML024W
RPS18B,YML026C
YOX1,YML027W
TSA1,YML028W
USA1,YML029W
RAD52,YML032C
SRC1,YML034W
AMD1,YML035C
CGI121,YML036W
YML037C,YML037C
YMD8,YML038C
VPS71,YML041C
CAT2,YML042W
PRM6,YML047C
GSF2,YML048W
AIM32,YML050W
GAL80,YML051W
SUR7,YML052W
YML053C,YML053C
CYB2,YML054C
SPC2,YML055W
IMD4,YML056C
CMP2,YML057W
SML1,YML058W
NTE1,YML059C
OGG1,YML060W
PIF1,YML061C
MFT1,YML062C
RPS1B,YML063W
SMA2,YML066C
ERV41,YML067C
ITT1,YML068W
DAK1,YML070W
COG8,YML071C
TCB3,YML072C
RPL6A,YML073C
FPR3,YML074C
HMG1,YML075C
WAR1,YML076C
CPR3,YML078W
YML079W,YML079W
DUS1,YML080W
ATP18,YML081C-A
YML081W,YML081W
YML082W,YML082W
YML083C,YML083C
YML084W,YML084W
ALO1,YML086C
AIM33,YML087C
UFO1,YML088W
YML089C,YML089C
YML090W,YML090W
GIM5,YML094W
RAD10,YML095C
YML096W,YML096W
VPS9,YML097C
ARG81,YML099C
TSL1,YML100W
CUE4,YML101C
CAC2,YML102W
NUP188,YML103C
MDM1,YML104C
URA5,YML106W
PML39,YML107C
YML108W,YML108W
ZDS2,YML109W
COQ5,YML110C
BUL2,YML111W
CTK3,YML112W
DAT1,YML113W
VAN1,YML115C
ATR1,YML116W
NAB6,YML117W
NGL3,YML118W
YML119W,YML119W
NDI1,YML120C
GTR1,YML121W
YML122C,YML122C
PHO84,YML123C
TUB3,YML124C
MSC1,YML128C
COX14,YML129C
YML131W,YML131W
AIM34,YMR003W
MVP1,YMR004W
PLB2,YMR006C
YMR007W,YMR007W
PLB1,YMR008C
ADI1,YMR009W
YMR010W,YMR010W
HXT2,YMR011W
CLU1,YMR012W
BUD22,YMR014W
ERG5,YMR015C
SOK2,YMR016C
SPO20,YMR017W
YMR018W,YMR018W
STB4,YMR019W
FMS1,YMR020W
MAC1,YMR021C
UBC7,YMR022W
MSS1,YMR023C
MRPL3,YMR024W
CSI1,YMR025W
PEX12,YMR026C
YMR027W,YMR027W
FAR8,YMR029C
RSF1,YMR030W
YMR031C,YMR031C
HOF1,YMR032W
YMR034C,YMR034C
IMP2,YMR035W
MIH1,YMR036C
MSN2,YMR037C
CCS1,YMR038C
SUB1,YMR039C
YET2,YMR040W
ARA2,YMR041C
ARG80,YMR042W
IOC4,YMR044W
CSM3,YMR048W
FAR3,YMR052W
STB2,YMR053C
STV1,YMR054W
BUB2,YMR055C
AAC1,YMR056C
YMR057C,YMR057C
FET3,YMR058W
SAM37,YMR060C
RIM9,YMR063W
AEP1,YMR064W
KAR5,YMR065W
SOV1,YMR066W
UBX4,YMR067C
AVO2,YMR068W
NAT4,YMR069W
MOT3,YMR070W
TVP18,YMR071C
ABF2,YMR072W
IRC21,YMR073C
YMR074C,YMR074C
RCO1,YMR075W
VPS20,YMR077C
CTF18,YMR078C
NAM7,YMR080C
ISF1,YMR081C
YMR082C,YMR082C
ADH3,YMR083W
YMR084W,YMR084W
YMR085W,YMR085W
YMR086W,YMR086W
YMR087W,YMR087W
VBA1,YMR088C
YTA12,YMR089C
YMR090W,YMR090W
NPL6,YMR091C
AIP1,YMR092C
SNO1,YMR095C
SNZ1,YMR096W
MTG1,YMR097C
ATP25,YMR098C
YMR099C,YMR099C
MUB1,YMR100W
SRT1,YMR101C
YMR102C,YMR102C
YMR103C,YMR103C
YPK2,YMR104C
PGM2,YMR105C
YKU80,YMR106C
SPG4,YMR107W
MYO5,YMR109W
HFD1,YMR110C
YMR111C,YMR111C
YMR114C,YMR114C
MGR3,YMR115W
ASC1,YMR116C
YMR118C,YMR118C
ASI1,YMR119W
ADE17,YMR120C
RPL15B,YMR121C
YMR122C,YMR122C
PKR1,YMR123W
YMR124W,YMR124W
STO1,YMR125W
DLT1,YMR126C
SAS2,YMR127C
POM152,YMR129W
YMR130W,YMR130W
JLP2,YMR132C
REC114,YMR133W
GID8,YMR135C
GAT2,YMR136W
PSO2,YMR137C
CIN4,YMR138W
RIM11,YMR139W
SIP5,YMR140W
YMR141C,YMR141C
RPL13B,YMR142C
RPS16A,YMR143W
YMR144W,YMR144W
NDE1,YMR145C
YMR147W,YMR147W
YMR148W,YMR148W
IMP1,YMR150C
YIM2,YMR151W
YIM1,YMR152W
NUP53,YMR153W
RIM13,YMR154C
YMR155W,YMR155W
TPP1,YMR156C
MRPS8,YMR158W
ATG16,YMR159C
YMR160W,YMR160W
HLJ1,YMR161W
DNF3,YMR162C
INP2,YMR163C
MSS11,YMR164C
YMR166C,YMR166C
MLH1,YMR167W
ALD3,YMR169C
ALD2,YMR170C
EAR1,YMR171C
HOT1,YMR172W
DDR48,YMR173W
PAI3,YMR174C
SIP18,YMR175W
ECM5,YMR176W
MMT1,YMR177W
YMR178W,YMR178W
SPT21,YMR179W
CTL1,YMR180C
YMR181C,YMR181C
RGM1,YMR182C
SSO2,YMR183C
ADD37,YMR184W
YMR185W,YMR185W
HSC82,YMR186W
YMR187C,YMR187C
MRPS17,YMR188C
GCV2,YMR189W
SGS1,YMR190C
SPG5,YMR191W
GYL1,YMR192W
MRPL24,YMR193W
RPL36A,YMR194W
ICY1,YMR195W
YMR196W,YMR196W
CIK1,YMR198W
CLN1,YMR199W
RAD14,YMR201C
ERG2,YMR202W
INP1,YMR204C
PFK2,YMR205C
YMR206W,YMR206W
HFA1,YMR207C
YMR209C,YMR209C
YMR210W,YMR210W
SCJ1,YMR214W
GAS3,YMR215W
SKY1,YMR216C
ESC1,YMR219W
FSH2,YMR222C
UBP8,YMR223W
MRE11,YMR224C
MRPL44,YMR225C
MTF1,YMR228W
RPS10B,YMR230W
PEP5,YMR231W
FUS2,YMR232W
TRI1,YMR233W
RNH1,YMR234W
BCH1,YMR237W
DFG5,YMR238W
YHM2,YMR241W
RPL20A,YMR242C
ZRC1,YMR243C
YMR244W,YMR244W
YMR245W,YMR245W
FAA4,YMR246W
RKR1,YMR247C
GAD1,YMR250W
GTO3,YMR251W
HOR7,YMR251W-A
YMR252C,YMR252C
YMR253C,YMR253C
YMR254C,YMR254C
GFD1,YMR255W
COX7,YMR256C
PET111,YMR257C
YMR258C,YMR258C
YMR259C,YMR259C
TPS3,YMR261C
YMR262W,YMR262W
SAP30,YMR263W
CUE1,YMR264W
YMR265C,YMR265C
RSN1,YMR266W
PPA2,YMR267W
TMA23,YMR269W
URA10,YMR271C
SCS7,YMR272C
ZDS1,YMR273C
RCE1,YMR274C
BUL1,YMR275C
DSK2,YMR276W
YMR279C,YMR279C
CAT8,YMR280C
AEP2,YMR282C
RIT1,YMR283C
YKU70,YMR284W
NGL2,YMR285C
MRPL33,YMR286W
DSS1,YMR287C
ABZ2,YMR289W
YMR291W,YMR291W
GOT1,YMR292W
HER2,YMR293C
JNM1,YMR294W
YMR295C,YMR295C
PRC1,YMR297W
DYN3,YMR299C
ADE4,YMR300C
YME2,YMR302C
ADH2,YMR303C
UBP15,YMR304W
SCW10,YMR305C
FKS3,YMR306W
GAS1,YMR307W
YMR310C,YMR310C
GLC8,YMR311C
ELP6,YMR312W
TGL3,YMR313C
YMR315W,YMR315W
DIA1,YMR316W
YMR317W,YMR317W
ADH6,YMR318C
FET4,YMR319C
YMR320W,YMR320W
SNO4,YMR322C
YMR326C,YMR326C
DOM34,YNL001W
PET8,YNL003C
HRB1,YNL004W
MRP7,YNL005C
ASI3,YNL008C
IDP3,YNL009W
YNL010W,YNL010W
YNL011C,YNL011C
SPO1,YNL012W
YNL013C,YNL013C
HEF3,YNL014W
PBI2,YNL015W
PUB1,YNL016W
ARK1,YNL020C
HDA1,YNL021W
YNL022C,YNL022C
FAP1,YNL023C
YNL024C,YNL024C
SSN8,YNL025C
CRZ1,YNL027W
YNL028W,YNL028W
KTR5,YNL029C
HHF2,YNL030W
HHT2,YNL031C
SIW14,YNL032W
YNL034W,YNL034W
YNL035C,YNL035C
IDH1,YNL037C
YNL040W,YNL040W
COG6,YNL041C
BOP3,YNL042W
YNL043C,YNL043C
YIP3,YNL044W
LAP2,YNL045W
YNL046W,YNL046W
SLM2,YNL047C
SFB2,YNL049C
YNL050C,YNL050C
COG5,YNL051W
COX5A,YNL052W
MSG5,YNL053W
VAC7,YNL054W
POR1,YNL055C
OCA2,YNL056W
YNL057W,YNL057W
YNL058C,YNL058C
ARP5,YNL059C
MTQ1,YNL063W
YDJ1,YNL064C
AQR1,YNL065W
SUN4,YNL066W
RPL9B,YNL067W
FKH2,YNL068C
RPL16B,YNL069C
TOM7,YNL070W
LAT1,YNL071W
RNH201,YNL072W
MSK1,YNL073W
MLF3,YNL074C
MKS1,YNL076W
APJ1,YNL077W
NIS1,YNL078W
TPM1,YNL079C
EOS1,YNL080C
SWS2,YNL081C
PMS1,YNL082W
SAL1,YNL083W
END3,YNL084C
MKT1,YNL085W
YNL086W,YNL086W
TCB2,YNL087W
YNL089C,YNL089C
RHO2,YNL090W
NST1,YNL091W
YNL092W,YNL092W
YPT53,YNL093W
APP1,YNL094W
YNL095C,YNL095C
RPS7B,YNL096C
PHO23,YNL097C
RAS2,YNL098C
OCA1,YNL099C
AVT4,YNL101W
LEU4,YNL104C
YNL105W,YNL105W
INP52,YNL106C
YAF9,YNL107W
YNL108C,YNL108C
YNL109W,YNL109W
CYB5,YNL111C
YNL115C,YNL115C
DMA2,YNL116W
MLS1,YNL117W
NCS2,YNL119W
YNL120C,YNL120C
TOM70,YNL121C
YNL122C,YNL122C
NMA111,YNL123W
ESBP6,YNL125C
FAR11,YNL127W
TEP1,YNL128W
NRK1,YNL129W
CPT1,YNL130C
FYV6,YNL133C
YNL134C,YNL134C
FPR1,YNL135C
EAF7,YNL136W
SRV2,YNL138W
THO2,YNL139C
YNL140C,YNL140C
AAH1,YNL141W
MEP2,YNL142W
YNL143C,YNL143C
YNL144C,YNL144C
MFA2,YNL145W
YNL146W,YNL146W
LSM7,YNL147W
ALF1,YNL148C
YCK2,YNL154C
YNL155W,YNL155W
IGO1,YNL157W
ASI2,YNL159C
YGP1,YNL160W
SKO1,YNL167C
FMP41,YNL168C
YNL170W,YNL170W
MDG1,YNL173C
NOP13,YNL175C
YNL176C,YNL176C
MRPL22,YNL177C
YNL179C,YNL179C
RHO5,YNL180C
NPR1,YNL183C
YNL184C,YNL184C
MRPL19,YNL185C
UBP10,YNL186W
SWT21,YNL187W
YNL190W,YNL190W
DUG3,YNL191W
YNL193W,YNL193W
YNL194C,YNL194C
YNL195C,YNL195C
SLZ1,YNL196C
WHI3,YNL197C
YNL198C,YNL198C
GCR2,YNL199C
YNL200C,YNL200C
PSY2,YNL201C
SPS19,YNL202W
YNL203C,YNL203C
SPS18,YNL204C
YNL205C,YNL205C
RTT106,YNL206C
MER1,YNL210W
YNL211C,YNL211C
VID27,YNL212W
YNL213C,YNL213C
PEX17,YNL214W
IES2,YNL215W
YNL217W,YNL217W
MGS1,YNL218W
ALG9,YNL219C
ADE12,YNL220W
SQS1,YNL224C
CNM67,YNL225C
YNL226W,YNL226W
JJJ1,YNL227C
YNL228W,YNL228W
URE2,YNL229C
ELA1,YNL230C
PDR16,YNL231C
BNI4,YNL233W
YNL235C,YNL235C
SIN4,YNL236W
YTP1,YNL237W
LAP3,YNL239W
ZWF1,YNL241C
ATG2,YNL242W
SLA2,YNL243W
VPS75,YNL246W
RPA49,YNL248C
MPA43,YNL249C
RAD50,YNL250W
MRPL17,YNL252C
TEX1,YNL253W
RTC4,YNL254C
GIS2,YNL255C
SIP3,YNL257C
ATX1,YNL259C
PDR17,YNL264C
IST1,YNL265C
YNL266W,YNL266W
LYP1,YNL268W
BSC4,YNL269W
ALP1,YNL270C
BNI1,YNL271C
TOF1,YNL273W
GOR1,YNL274C
BOR1,YNL275W
CAF120,YNL278W
PRM1,YNL279W
HCH1,YNL281W
WSC2,YNL283C
MRPL10,YNL284C
YNL285W,YNL285W
CUS2,YNL286W
CAF40,YNL288W
PCL1,YNL289W
MID1,YNL291C
PUS4,YNL292W
MSB3,YNL293W
RIM21,YNL294C
YNL295W,YNL295W
YNL296W,YNL296W
MON2,YNL297C
CLA4,YNL298W
TRF5,YNL299W
TOS6,YNL300W
RPL18B,YNL301C
RPS19B,YNL302C
YNL303W,YNL303W
YPT11,YNL304W
BXI1,YNL305C
YNL305C,YNL305C
MCK1,YNL307C
SKP2,YNL311C
DAL82,YNL314W
ATP11,YNL315C
HXT14,YNL318C
YNL319W,YNL319W
YNL320W,YNL320W
VNX1,YNL321W
KRE1,YNL322C
LEM3,YNL323W
YNL324W,YNL324W
FIG4,YNL325C
PFA3,YNL326C
EGT2,YNL327W
MDJ2,YNL328C
PEX6,YNL329C
RPD3,YNL330C
THI12,YNL332W
SNZ2,YNL333W
SNO2,YNL334C
DDI3,YNL335W
COS1,YNL336W
YNL338W,YNL338W
CIT1,YNR001C
ATO2,YNR002C
YNR004W,YNR004W
YNR005C,YNR005C
VPS27,YNR006W
ATG3,YNR007C
LRO1,YNR008W
NRM1,YNR009W
CSE2,YNR010W
URK1,YNR012W
PHO91,YNR013C
YNR014W,YNR014W
SMM1,YNR015W
ARE2,YNR019W
ATP23,YNR020C
YNR021W,YNR021W
MRPL50,YNR022C
SNF12,YNR023W
MPP6,YNR024W
YNR025C,YNR025C
BUD17,YNR027W
CPR8,YNR028W
YNR029C,YNR029C
ALG12,YNR030W
SSK2,YNR031C
HUB1,YNR032C-A
PPG1,YNR032W
ABZ1,YNR033W
SOL1,YNR034W
MRPS12,YNR036C
RPS12,YNR036C
RSM19,YNR037C
ZRG17,YNR039C
YNR040W,YNR040W
COQ2,YNR041C
YNR042W,YNR042W
AGA1,YNR044W
PET494,YNR045W
FPK1,YNR047W
YNR048W,YNR048W
MSO1,YNR049C
LYS9,YNR050C
BRE5,YNR051C
POP2,YNR052C
HOL1,YNR055C
BIO5,YNR056C
BIO4,YNR057C
BIO3,YNR058W
MNT4,YNR059W
FRE4,YNR060W
YNR061C,YNR061C
YNR062C,YNR062C
YNR063W,YNR063W
YNR064C,YNR064C
YNR066C,YNR066C
DSE4,YNR067C
YNR068C,YNR068C
BSC5,YNR069C
YNR070W,YNR070W
YNR071C,YNR071C
HXT17,YNR072W
YNR073C,YNR073C
AIF1,YNR074C
COS10,YNR075W
PHO80,YOL001W
IZH2,YOL002C
PFA4,YOL003C
SIN3,YOL004W
TOP1,YOL006C
CSI2,YOL007C
COQ10,YOL008W
MDM12,YOL009C
PLB3,YOL011W
HTZ1,YOL012C
HRD1,YOL013C
YOL014W,YOL014W
IRC10,YOL015W
CMK2,YOL016C
ESC8,YOL017W
TLG2,YOL018C
YOL019W,YOL019W
TAT2,YOL020W
IFM1,YOL023W
YOL024W,YOL024W
LAG2,YOL025W
MDM38,YOL027C
YAP7,YOL028C
YOL029C,YOL029C
GAS5,YOL030W
SIL1,YOL031C
OPI10,YOL032W
MSE1,YOL033W
YOL035C,YOL035C
YOL036W,YOL036W
YOL037C,YOL037C
RPP2A,YOL039W
NOP12,YOL041C
NGL1,YOL042W
NTG2,YOL043C
PEX15,YOL044W
PSK2,YOL045W
YOL046C,YOL046C
YOL047C,YOL047C
YOL048C,YOL048C
GSH2,YOL049W
YOL050C,YOL050C
GAL11,YOL051W
SPE2,YOL052C
AIM39,YOL053W
PSH1,YOL054W
THI20,YOL055C
GPM3,YOL056W
YOL057W,YOL057W
ARG1,YOL058W
GPD2,YOL059W
MAM3,YOL060C
PRS5,YOL061W
APM4,YOL062C
CRT10,YOL063C
MET22,YOL064C
INP54,YOL065C
RTG1,YOL067C
HST1,YOL068C
NBA1,YOL070C
THP1,YOL072W
YOL075C,YOL075C
MDM20,YOL076W
YOL079W,YOL079W
REX4,YOL080C
IRA2,YOL081W
ATG19,YOL082W
YOL083W,YOL083W
PHM7,YOL084W
YOL085C,YOL085C
ADH1,YOL086C
YOL087C,YOL087C
MPD2,YOL088C
HAL9,YOL089C
MSH2,YOL090W
SPO21,YOL091W
YOL092W,YOL092W
TRM10,YOL093W
HMI1,YOL095C
COQ3,YOL096C
YOL098C,YOL098C
YOL099C,YOL099C
PKH2,YOL100W
IZH4,YOL101C
ITR2,YOL103W
NDJ1,YOL104C
WSC3,YOL105C
YOL106W,YOL106W
YOL107W,YOL107W
INO4,YOL108C
ZEO1,YOL109W
SHR5,YOL110W
MDY2,YOL111C
MSB4,YOL112W
SKM1,YOL113W
YOL114C,YOL114C
PAP2,YOL115W
MSN1,YOL116W
RRI2,YOL117W
YOL118C,YOL118C
MCH4,YOL119C
RPS19A,YOL121C
SMF1,YOL122C
TRM11,YOL124C
TRM13,YOL125W
MDH2,YOL126C
YGK3,YOL128C
VPS68,YOL129W
YOL131W,YOL131W
GAS4,YOL132W
PFK27,YOL136C
BSC6,YOL137W
RTC1,YOL138C
PPM2,YOL141W
RIB4,YOL143C
PEX11,YOL147C
SPT20,YOL148C
YOL150C,YOL150C
GRE2,YOL151W
FRE7,YOL152W
YOL153C,YOL153C
HPF1,YOL155C
ENB1,YOL158C
YOL159C,YOL159C
YOL160W,YOL160W
YOL162W,YOL162W
YOL163W,YOL163W
RRP6,YOR001W
ALG6,YOR002W
YSP3,YOR003W
DNL4,YOR005C
TSR3,YOR006C
SGT2,YOR007C
SLG1,YOR008C
TIR4,YOR009W
TIR2,YOR010C
AUS1,YOR011W
YOR012W,YOR012W
YOR013W,YOR013W
RTS1,YOR014W
YOR015W,YOR015W
ERP4,YOR016C
PET127,YOR017W
ROD1,YOR018W
YOR019W,YOR019W
YOR021C,YOR021C
YOR022C,YOR022C
AHC1,YOR023C
YOR024W,YOR024W
HST3,YOR025W
BUB3,YOR026W
STI1,YOR027W
CIN5,YOR028C
YOR029W,YOR029W
DFG16,YOR030W
CRS5,YOR031W
HMS1,YOR032C
EXO1,YOR033C
AKR2,YOR034C
SHE4,YOR035C
PEP12,YOR036W
CYC2,YOR037W
HIR2,YOR038C
CKB2,YOR039W
GLO4,YOR040W
YOR041C,YOR041C
CUE5,YOR042W
WHI2,YOR043W
IRC23,YOR044W
TOM6,YOR045W
STD1,YOR047C
RSB1,YOR049C
YOR050C,YOR050C
YOR051C,YOR051C
YOR052C,YOR052C
YOR053W,YOR053W
VHS3,YOR054C
YOR055W,YOR055W
ASE1,YOR058C
YOR059C,YOR059C
CKA2,YOR061W
YOR062C,YOR062C
YNG1,YOR064C
CYT1,YOR065W
MSA1,YOR066W
ALG8,YOR067C
VAM10,YOR068C
VPS5,YOR069W
GYP1,YOR070C
NRT1,YOR071C
YOR072W,YOR072W
SGO1,YOR073W
SKI7,YOR076C
BUD21,YOR078W
ATX2,YOR079C
DIA2,YOR080W
TGL5,YOR081C
YOR082C,YOR082C
WHI5,YOR083W
LPX1,YOR084W
OST3,YOR085W
TCB1,YOR086C
YVC1,YOR087W
VPS21,YOR089C
PTC5,YOR090C
TMA46,YOR091W
ECM3,YOR092W
YOR093C,YOR093C
ARF3,YOR094W
RPS7A,YOR096W
YOR097C,YOR097C
KTR1,YOR099W
CRC1,YOR100C
RAS1,YOR101W
PIN2,YOR104W
YOR105W,YOR105W
VAM3,YOR106W
RGS2,YOR107W
LEU9,YOR108W
INP53,YOR109W
YOR111W,YOR111W
CEX1,YOR112W
AZF1,YOR113W
YOR114W,YOR114W
TRS33,YOR115C
RTC5,YOR118W
GCY1,YOR120W
YOR121C,YOR121C
LEO1,YOR123C
UBP2,YOR124C
CAT5,YOR125C
IAH1,YOR126C
RGA1,YOR127W
ADE2,YOR128C
AFI1,YOR129C
ORT1,YOR130C
YOR131C,YOR131C
VPS17,YOR132W
EFT1,YOR133W
BAG7,YOR134W
YOR135C,YOR135C
IDH2,YOR136W
SIA1,YOR137C
RUP1,YOR138C
YOR139C,YOR139C
SFL1,YOR140W
ARP8,YOR141C
LSC1,YOR142W
ELG1,YOR144C
MDM32,YOR147W
MRPL23,YOR150W
YOR152C,YOR152C
PDR5,YOR153W
SLP1,YOR154W
ISN1,YOR155C
NFI1,YOR156C
PET123,YOR158W
MTR10,YOR160W
PNS1,YOR161C
YRR1,YOR162C
DDP1,YOR163W
YOR164C,YOR164C
SEY1,YOR165W
SWT1,YOR166C
RPS28A,YOR167C
YOR170W,YOR170W
LCB4,YOR171C
YRM1,YOR172W
DCS2,YOR173W
ALE1,YOR175C
MPC54,YOR177C
GAC1,YOR178C
SYC1,YOR179C
DCI1,YOR180C
RPS30B,YOR182C
FYV12,YOR183W
SER1,YOR184W
GSP2,YOR185C
YOR186W,YOR186W
TUF1,YOR187W
MSB1,YOR188W
IES4,YOR189W
SPR1,YOR190W
ULS1,YOR191W
THI72,YOR192C
PEX27,YOR193W
SLK19,YOR195W
LIP5,YOR196C
MCA1,YOR197W
BFR1,YOR198C
YOR199W,YOR199W
YOR200W,YOR200W
MRM1,YOR201C
HIS3,YOR202W
PTP2,YOR208W
NPT1,YOR209C
MGM1,YOR211C
STE4,YOR212W
SAS5,YOR213C
YOR214C,YOR214C
AIM41,YOR215C
RUD3,YOR216C
STE13,YOR219C
MCT1,YOR221C
ODC2,YOR222W
YOR223W,YOR223W
YOR225W,YOR225W
ISU2,YOR226C
HER1,YOR227W
YOR228C,YOR228C
WTM2,YOR229W
WTM1,YOR230W
MKK1,YOR231W
KIN4,YOR233W
RPL33B,YOR234C
YOR235W,YOR235W
HES1,YOR237W
YOR238W,YOR238W
ABP140,YOR239W
MET7,YOR241W
SSP2,YOR242C
PUS7,YOR243C
DGA1,YOR245C
YOR246C,YOR246C
SRL1,YOR247W
YOR248W,YOR248W
TUM1,YOR251C
TMA16,YOR252W
NAT5,YOR253W
OSW1,YOR255W
HNT3,YOR258W
YOR263C,YOR263C
DSE3,YOR264W
RBL2,YOR265W
PNT1,YOR266W
HRK1,YOR267C
YOR268C,YOR268C
PAC1,YOR269W
VPH1,YOR270C
FSF1,YOR271C
TPO4,YOR273C
MOD5,YOR274W
RIM20,YOR275C
CAF20,YOR276W
YOR277C,YOR277C
RFM1,YOR279C
FSH3,YOR280C
YOR283W,YOR283W
HUA2,YOR284W
YOR285W,YOR285W
MPD1,YOR288C
YOR289W,YOR289W
SNF2,YOR290C
YPK9,YOR291W
YOR292C,YOR292C
RPS10A,YOR293W
UAF30,YOR295W
YOR296W,YOR296W
TIM18,YOR297C
MBF1,YOR298C-A
MUM3,YOR298W
BUD7,YOR299W
YOR300W,YOR300W
RAX1,YOR301W
YOR302W,YOR302W
CPA1,YOR303W
ISW2,YOR304W
YOR305W,YOR305W
MCH5,YOR306C
SLY41,YOR307C
SNU66,YOR308C
YOR309C,YOR309C
DGK1,YOR311C
RPL20B,YOR312C
SPS4,YOR313C
YOR314W,YOR314W
SFG1,YOR315W
COT1,YOR316C
FAA1,YOR317W
YOR318C,YOR318C
GNT1,YOR320C
PMT3,YOR321W
LDB19,YOR322C
PRO2,YOR323C
FRT1,YOR324C
YOR325W,YOR325W
SNC2,YOR327C
PDR10,YOR328W
MIP1,YOR330C
YOR331C,YOR331C
VMA4,YOR332W
YOR333C,YOR333C
MRS2,YOR334W
TEA1,YOR337W
YOR338W,YOR338W
UBC11,YOR339C
YOR342C,YOR342C
YOR343C,YOR343C
TYE7,YOR344C
YOR345C,YOR345C
REV1,YOR346W
PYK2,YOR347C
PUT4,YOR348C
CIN1,YOR349W
MNE1,YOR350C
MEK1,YOR351C
YOR352W,YOR352W
MSC6,YOR354C
GDS1,YOR355W
YOR356W,YOR356W
SNX3,YOR357C
HAP5,YOR358W
VTS1,YOR359W
PDE2,YOR360C
PIP2,YOR363C
YOR364W,YOR364W
YOR365C,YOR365C
YOR366W,YOR366W
SCP1,YOR367W
RAD17,YOR368W
GPB1,YOR371C
ALD4,YOR374W
GDH1,YOR375C
YOR376W,YOR376W
ATF1,YOR377W
YOR378W,YOR378W
YOR379C,YOR379C
RDR1,YOR380W
FRE3,YOR381W
FIT2,YOR382W
FIT3,YOR383C
FRE5,YOR384W
YOR385W,YOR385W
PHR1,YOR386W
HAT1,YPL001W
SNF8,YPL002C
ULA1,YPL003W
LSP1,YPL004C
AEP3,YPL005W
NCR1,YPL006W
CHL1,YPL008W
YPL009C,YPL009C
MRPS16,YPL013C
YPL014W,YPL014W
HST2,YPL015C
IRC15,YPL017C
CTF19,YPL018W
VTC3,YPL019C
ECM23,YPL021W
RAD1,YPL022W
MET12,YPL023C
RMI1,YPL024W
YPL025C,YPL025C
SKS1,YPL026C
SMA1,YPL027W
SUV3,YPL029W
TRM44,YPL030W
PHO85,YPL031C
SVL3,YPL032C
SRL4,YPL033C
YPL034W,YPL034W
YPL035C,YPL035C
PMA2,YPL036W
EGD1,YPL037C
MET31,YPL038W
YPL039W,YPL039W
ISM1,YPL040C
YPL041C,YPL041C
SSN3,YPL042C
VPS16,YPL045W
ELC1,YPL046C
SGF11,YPL047W
CAM1,YPL048W
DIG1,YPL049C
MNN9,YPL050C
ARL3,YPL051W
OAZ1,YPL052W
KTR6,YPL053C
LEE1,YPL054W
LGE1,YPL055C
YPL056C,YPL056C
SUR1,YPL057C
PDR12,YPL058C
GRX5,YPL059W
ALD6,YPL061W
YPL062W,YPL062W
CWC27,YPL064C
VPS28,YPL065W
YPL066W,YPL066W
YPL067C,YPL067C
YPL068C,YPL068C
BTS1,YPL069C
MUK1,YPL070W
YPL071C,YPL071C
UBP16,YPL072W
YPL073C,YPL073C
YTA6,YPL074W
YPL077C,YPL077C
ATP4,YPL078C
RPL21B,YPL079W
YPL080C,YPL080C
RPS9A,YPL081W
BRO1,YPL084W
ELP3,YPL086C
YDC1,YPL087W
YPL088W,YPL088W
RLM1,YPL089C
RPS6A,YPL090C
GLR1,YPL091W
SSU1,YPL092W
EEB1,YPL095C
PNG1,YPL096W
MSY1,YPL097W
MGR2,YPL098C
ATG21,YPL100W
ELP4,YPL101W
YPL102C,YPL102C
FMP30,YPL103C
MSD1,YPL104W
SYH1,YPL105C
SSE1,YPL106C
YPL107W,YPL107W
YPL108W,YPL108W
YPL109C,YPL109C
GDE1,YPL110C
CAR1,YPL111W
PEX25,YPL112C
YPL113C,YPL113C
YPL114W,YPL114W
BEM3,YPL115C
HOS3,YPL116W
MRP51,YPL118W
DBP1,YPL119C
VPS30,YPL120W
MEI5,YPL121C
RNY1,YPL123C
KAP120,YPL125W
HHO1,YPL127C
TAF14,YPL129W
SPO19,YPL130W
COX11,YPL132W
RDS2,YPL133C
ODC1,YPL134C
ISU1,YPL135W
YPL136W,YPL136W
GIP3,YPL137C
SPP1,YPL138C
UME1,YPL139C
MKK2,YPL140C
YPL141C,YPL141C
POC4,YPL144W
KES1,YPL145C
PXA1,YPL147W
PPT2,YPL148C
ATG5,YPL149W
YPL150W,YPL150W
RRD2,YPL152W
RAD53,YPL153C
PEP4,YPL154C
KIP2,YPL155C
PRM4,YPL156C
TGS1,YPL157W
AIM44,YPL158C
PET20,YPL159C
BEM4,YPL161C
YPL162C,YPL162C
SVS1,YPL163C
MLH3,YPL164C
SET6,YPL165C
ATG29,YPL166W
REV3,YPL167C
YPL168W,YPL168W
DAP1,YPL170W
OYE3,YPL171C
COX10,YPL172C
MRPL40,YPL173W
NIP100,YPL174C
TRE1,YPL176C
CUP9,YPL177C
CBC2,YPL178W
PPQ1,YPL179W
TCO89,YPL180W
CTI6,YPL181W
YPL182C,YPL182C
RTT10,YPL183C
RTC6,YPL183W-A
MRN1,YPL184C
YPL185W,YPL185W
UIP4,YPL186C
POS5,YPL188W
GUP2,YPL189W
YPL191C,YPL191C
PRM3,YPL192C
RSA1,YPL193W
DDC1,YPL194W
APL5,YPL195W
OXR1,YPL196W
YPL197C,YPL197C
RPL7B,YPL198W
YPL199C,YPL199C
CSM4,YPL200W
YIG1,YPL201C
AFT2,YPL202C
TPK2,YPL203W
YPL205C,YPL205C
PGC1,YPL206C
TYW1,YPL207W
RKM1,YPL208W
PUS1,YPL212C
LEA1,YPL213W
THI6,YPL214C
CBP3,YPL215W
YPL216W,YPL216W
PCL8,YPL219W
RPL1A,YPL220W
FLC1,YPL221W
FMP40,YPL222W
GRE1,YPL223C
MMT2,YPL224C
YPL225W,YPL225W
NEW1,YPL226W
ALG5,YPL227C
YPL229W,YPL229W
USV1,YPL230W
SSO1,YPL232W
VMA11,YPL234C
YPL236C,YPL236C
YAR1,YPL239W
HSP82,YPL240C
CIN2,YPL241C
HUT1,YPL244C
YPL245W,YPL245W
RBD2,YPL246C
YPL247C,YPL247C
GAL4,YPL248C
GYP5,YPL249C
ICY2,YPL250C
VIK1,YPL253C
HFI1,YPL254W
CLN2,YPL256C
YPL257W,YPL257W
THI21,YPL258C
APM1,YPL259C
YPL260W,YPL260W
YPL261C,YPL261C
FUM1,YPL262W
KEL3,YPL263C
YPL264C,YPL264C
DIP5,YPL265W
ACM1,YPL267W
PLC1,YPL268W
KAR9,YPL269W
MDL2,YPL270W
ATP15,YPL271W
YPL272C,YPL272C
SAM4,YPL273W
SAM3,YPL274W
CIT3,YPR001W
PDH1,YPR002W
YPR003C,YPR003C
AIM45,YPR004C
HAL1,YPR005C
ICL2,YPR006C
REC8,YPR007C
HAA1,YPR008W
SUT2,YPR009W
YPR011C,YPR011C
YPR012W,YPR012W
YPR013C,YPR013C
YPR014C,YPR014C
YPR015C,YPR015C
DSS4,YPR017C
RLF2,YPR018W
ATP20,YPR020W
AGC1,YPR021C
YPR022C,YPR022C
EAF3,YPR023C
YME1,YPR024W
ATH1,YPR026W
YPR027C,YPR027C
YOP1,YPR028W
APL4,YPR029C
CSR2,YPR030W
NTO1,YPR031W
SRO7,YPR032W
VMA13,YPR036W
ERV2,YPR037C
YPR038W,YPR038W
YPR039W,YPR039W
TIP41,YPR040W
PUF2,YPR042C
RPL43A,YPR043W
YPR044C,YPR044C
MCM16,YPR046W
MSF1,YPR047W
ATG11,YPR049C
YPR050C,YPR050C
MAK3,YPR051W
NHP6A,YPR052C
YPR053C,YPR053C
SMK1,YPR054W
BRR1,YPR057W
YMC1,YPR058W
YPR059C,YPR059C
ARO7,YPR060C
JID1,YPR061C
FCY1,YPR062W
YPR063C,YPR063C
YPR064W,YPR064W
ROX1,YPR065W
UBA3,YPR066W
ISA2,YPR067W
HOS1,YPR068C
SPE3,YPR069C
MED1,YPR070W
YPR071W,YPR071W
NOT5,YPR072W
LTP1,YPR073C
TKL1,YPR074C
OPY2,YPR075C
YPR076W,YPR076W
YPR077C,YPR077C
YPR078C,YPR078C
MRL1,YPR079W
MDM36,YPR083W
YPR084W,YPR084W
VPS69,YPR087W
YPR089W,YPR089W
YPR091C,YPR091C
YPR092W,YPR092W
ASR1,YPR093C
SYT1,YPR095C
YPR096C,YPR096C
YPR097W,YPR097W
YPR098C,YPR098C
YPR099C,YPR099C
MRPL51,YPR100W
SNT309,YPR101W
FHL1,YPR104C
ISR1,YPR106W
YPR109W,YPR109W
DBF20,YPR111W
YPR114W,YPR114W
YPR115W,YPR115W
YPR116W,YPR116W
YPR117W,YPR117W
MRI1,YPR118W
CLB2,YPR119W
CLB5,YPR120C
THI22,YPR121W
AXL1,YPR122W
YPR123C,YPR123C
CTR1,YPR124W
YLH47,YPR125W
YPR126C,YPR126C
YPR127W,YPR127W
ANT1,YPR128C
SCD6,YPR129W
YPR130C,YPR130C
NAT3,YPR131C
RPS23B,YPR132W
TOM5,YPR133W-A
MSS18,YPR134W
CTF4,YPR135W
MEP3,YPR138C
TAZ1,YPR140W
KAR3,YPR141C
ASN1,YPR145W
YPR146C,YPR146C
YPR147C,YPR147C
YPR148C,YPR148C
NCE102,YPR149W
YPR150W,YPR150W
SUE1,YPR151C
URN1,YPR152C
YPR153W,YPR153W
PIN3,YPR154W
NCA2,YPR155C
TPO3,YPR156C
YPR157W,YPR157W
CUR1,YPR158W
KRE6,YPR159W
GPH1,YPR160W
TIF3,YPR163C
MMS1,YPR164W
MRP2,YPR166C
MET16,YPR167C
YPR170C,YPR170C
BSP1,YPR171W
YPR172W,YPR172W
VPS4,YPR173C
YPR174C,YPR174C
HDA3,YPR179C
GDB1,YPR184W
ATG13,YPR185W
MLC2,YPR188C
SKI3,YPR189W
QCR2,YPR191W
AQY1,YPR192W
HPA2,YPR193C
OPT2,YPR194C
YPR195C,YPR195C
YPR196W,YPR196W
YPR197C,YPR197C
SGE1,YPR198W
ARR1,YPR199C
ARR2,YPR200C
ARR3,YPR201W
